Application,ProcessID,SwapChainAddress,PresentRuntime,SyncInterval,PresentFlags,AllowsTearing,PresentMode,CPUStartTime,FrameTime,CPUBusy,CPUWait,GPULatency,GPUTime,GPUBusy,GPUWait,DisplayLatency,DisplayedTime,AnimationError,AnimationTime,MsFlipDelay,AllInputToPhotonLatency,ClickToPhotonLatency
cs2.exe,35024,0xF9F78E0260,DXGI,0,0,0,Composed: Flip,26.9007,22.5525,22.4212,0.1313,22.0274,3.5582,3.2210,0.3372,35.0065,27.0727,NA,26.9007,NA,NA,NA
cs2.exe,35024,0xF9F78E0260,DXGI,0,0,0,Composed: Flip,49.4532,23.8998,23.7021,0.1977,23.4280,4.1355,3.5644,0.5711,39.5267,22.9234,-4.5202,49.4532,NA,NA,NA
cs2.exe,35024,0xF9F78E0260,DXGI,0,0,0,Composed: Flip,73.3530,26.6160,26.3374,0.2786,26.0269,3.7617,2.7707,0.9910,38.5503,27.1227,0.9764,73.3530,NA,NA,NA
cs2.exe,35024,0xF9F78E0260,DXGI,0,0,0,Composed: Flip,99.9690,26.8539,26.4401,0.4138,26.0733,4.3589,3.5650,0.7939,39.0570,29.1451,-0.5067,99.9690,NA,NA,NA
cs2.exe,35024,0xF9F78E0260,DXGI,0,0,0,Composed: Flip,126.8229,25.1822,24.9417,0.2405,24.5074,4.7760,3.8516,0.9244,41.3482,20.8279,-2.2912,126.8229,NA,NA,NA
cs2.exe,35024,0xF9F78E0260,DXGI,0,0,0,Composed: Flip,152.0051,23.7557,23.5579,0.1978,22.8577,3.6060,2.7221,0.8839,36.9939,24.9902,4.3543,152.0051,NA,NA,NA
cs2.exe,35024,0xF9F78E0260,DXGI,0,0,0,Composed: Flip,175.7608,24.9713,24.7745,0.1968,24.1376,3.6851,3.0241,0.6610,38.2284,25.0067,-1.2345,175.7608,NA,NA,NA
cs2.exe,35024,0xF9F78E0260,DXGI,0,0,0,Composed: Flip,200.7321,23.6317,23.4693,0.1624,22.9991,3.3425,3.0397,0.3028,38.2638,20.8532,-0.0354,200.7321,NA,NA,NA
cs2.exe,35024,0xF9F78E0260,DXGI,0,0,0,Composed: Flip,224.3638,23.3039,23.1164,0.1875,22.7193,3.8713,3.2277,0.6436,35.4853,25.0069,2.7785,224.3638,NA,NA,NA
cs2.exe,35024,0xF9F78E0260,DXGI,0,0,0,Composed: Flip,247.6677,23.5618,23.3859,0.1759,23.0974,3.4167,3.1922,0.2245,37.1883,20.8267,-1.7030,247.6677,NA,NA,NA
cs2.exe,35024,0xF9F78E0260,DXGI,0,0,0,Composed: Flip,271.2295,25.5490,25.3657,0.1833,24.8631,3.5851,2.6915,0.8936,34.4532,25.0338,2.7351,271.2295,NA,NA,NA
cs2.exe,35024,0xF9F78E0260,DXGI,0,0,0,Composed: Flip,296.7785,25.5929,25.3980,0.1949,25.0348,3.5181,2.7408,0.7773,33.9380,24.9816,0.5152,296.7785,NA,NA,NA
cs2.exe,35024,0xF9F78E0260,DXGI,0,0,0,Composed: Flip,322.3714,26.6590,26.4532,0.2058,25.8072,3.6222,2.7619,0.8603,33.3267,29.1741,0.6113,322.3714,NA,NA,NA
cs2.exe,35024,0xF9F78E0260,DXGI,0,0,0,Composed: Flip,349.0304,28.9027,28.6702,0.2325,27.9738,3.7431,2.8236,0.9195,35.8418,25.0118,-2.5151,349.0304,NA,NA,NA
cs2.exe,35024,0xF9F78E0260,DXGI,0,0,0,Composed: Flip,377.9331,26.7617,26.5237,0.2380,25.6982,4.1061,2.7825,1.3236,31.9509,29.1674,3.8909,377.9331,NA,NA,NA
cs2.exe,35024,0xF9F78E0260,DXGI,0,0,0,Composed: Flip,404.6948,26.2576,26.0243,0.2333,25.6586,3.5727,2.8123,0.7604,34.3566,25.0339,-2.4057,404.6948,NA,NA,NA
cs2.exe,35024,0xF9F78E0260,DXGI,0,0,0,Composed: Flip,430.9524,25.3920,25.1562,0.2358,24.6929,3.4731,2.7064,0.7667,33.1329,29.1418,1.2237,430.9524,NA,NA,NA
cs2.exe,35024,0xF9F78E0260,DXGI,0,0,0,Composed: Flip,456.3444,31.0696,24.5577,6.5119,24.1822,7.6448,2.8672,4.7776,36.8827,20.8830,-3.7498,456.3444,NA,NA,NA
cs2.exe,35024,0xF9F78E0260,DXGI,0,0,0,Composed: Flip,487.4140,19.7293,18.6422,1.0871,18.1023,3.4902,2.8307,0.6595,26.6961,24.9674,10.1866,487.4140,NA,NA,NA
cs2.exe,35024,0xF9F78E0260,DXGI,0,0,0,Composed: Flip,507.1433,25.5306,25.3130,0.2176,24.8720,5.2973,2.8555,2.4418,31.9342,29.1730,-5.2381,507.1433,NA,NA,NA
cs2.exe,35024,0xF9F78E0260,DXGI,0,0,0,Composed: Flip,532.6739,27.7408,27.4838,0.2570,27.2694,3.5966,2.7737,0.8229,35.5766,25.0134,-3.6424,532.6739,NA,NA,NA
cs2.exe,35024,0xF9F78E0260,DXGI,0,0,0,Composed: Flip,560.4147,25.5509,25.2760,0.2749,24.7745,3.5686,2.8091,0.7595,32.8492,25.0175,2.7274,560.4147,NA,NA,NA
cs2.exe,35024,0xF9F78E0260,DXGI,0,0,0,Composed: Flip,585.9656,24.9080,24.6651,0.2429,24.0008,4.3126,2.8309,1.4817,32.3158,29.1536,0.5334,585.9656,NA,NA,NA
cs2.exe,35024,0xF9F78E0260,DXGI,0,0,0,Composed: Flip,610.8736,26.4169,26.1925,0.2244,25.6230,3.8694,2.8068,1.0626,36.5614,20.8207,-4.2456,610.8736,NA,NA,NA
cs2.exe,35024,0xF9F78E0260,DXGI,0,0,0,Composed: Flip,637.2905,24.4918,24.2919,0.1999,23.8023,3.5659,2.8115,0.7544,30.9652,25.0058,5.5962,637.2905,NA,NA,NA
cs2.exe,35024,0xF9F78E0260,DXGI,0,0,0,Composed: Flip,661.7823,25.7327,25.3250,0.4077,24.6951,3.5904,2.7628,0.8276,31.4792,25.0271,-0.5140,661.7823,NA,NA,NA
cs2.exe,35024,0xF9F78E0260,DXGI,0,0,0,Composed: Flip,687.5150,24.7708,24.5454,0.2254,24.1570,3.3032,2.7757,0.5275,30.7736,24.9885,0.7056,687.5150,NA,NA,NA
cs2.exe,35024,0xF9F78E0260,DXGI,0,0,0,Composed: Flip,712.2858,24.1823,23.9282,0.2541,23.4254,3.5264,2.6890,0.8374,30.9913,25.0158,-0.2177,712.2858,NA,NA,NA
cs2.exe,35024,0xF9F78E0260,DXGI,0,0,0,Composed: Flip,736.4681,24.4977,24.3214,0.1763,24.0674,3.4449,2.7691,0.6758,31.8248,24.9965,-0.8335,736.4681,NA,NA,NA
cs2.exe,35024,0xF9F78E0260,DXGI,0,0,0,Composed: Flip,760.9658,24.1841,23.9642,0.2199,23.6246,3.7096,3.1907,0.5189,32.3236,20.8573,-0.4988,760.9658,NA,NA,NA
cs2.exe,35024,0xF9F78E0260,DXGI,0,0,0,Composed: Flip,785.1499,24.2778,24.0299,0.2479,23.4580,3.5221,2.7552,0.7669,28.9968,24.9689,3.3268,785.1499,NA,NA,NA
cs2.exe,35024,0xF9F78E0260,DXGI,0,0,0,Composed: Flip,809.4277,22.9103,22.7390,0.1713,21.7022,3.5134,2.8608,0.6526,29.6879,20.8422,-0.6911,809.4277,NA,NA,NA
cs2.exe,35024,0xF9F78E0260,DXGI,0,0,0,Composed: Flip,832.3380,22.9054,22.7377,0.1677,22.5130,2.9695,2.7181,0.2514,27.6198,25.0114,2.0681,832.3380,NA,NA,NA
cs2.exe,35024,0xF9F78E0260,DXGI,0,0,0,Composed: Flip,855.2434,22.5156,22.3627,0.1529,22.1237,3.0744,2.7601,0.3143,29.7258,20.8169,-2.1060,855.2434,NA,NA,NA
cs2.exe,35024,0xF9F78E0260,DXGI,0,0,0,Composed: Flip,877.7590,22.5924,22.4383,0.1541,22.1743,2.9692,2.6746,0.2946,28.0271,25.0128,1.6987,877.7590,NA,NA,NA
cs2.exe,35024,0xF9F78E0260,DXGI,0,0,0,Composed: Flip,900.3514,22.8319,22.6659,0.1660,22.2270,2.9978,2.6778,0.3200,30.4475,20.8363,-2.4204,900.3514,NA,NA,NA
cs2.exe,35024,0xF9F78E0260,DXGI,0,0,0,Composed: Flip,923.1833,22.1404,22.0129,0.1275,21.7033,2.9776,2.6828,0.2948,28.4519,20.8301,1.9956,923.1833,NA,NA,NA
cs2.exe,35024,0xF9F78E0260,DXGI,0,0,0,Composed: Flip,945.3237,21.6183,21.4422,0.1761,21.1116,2.9899,2.6505,0.3394,27.1416,20.8271,1.3103,945.3237,NA,NA,NA
cs2.exe,35024,0xF9F78E0260,DXGI,0,0,0,Composed: Flip,966.9420,21.9712,21.8503,0.1209,21.4984,2.9871,2.7180,0.2691,26.3504,25.0117,0.7912,966.9420,NA,NA,NA
cs2.exe,35024,0xF9F78E0260,DXGI,0,0,0,Composed: Flip,988.9132,22.7335,22.6219,0.1116,22.3940,2.9267,2.6507,0.2760,29.3909,20.8327,-3.0405,988.9132,NA,NA,NA
cs2.exe,35024,0xF9F78E0260,DXGI,0,0,0,Composed: Flip,1011.6467,22.7694,22.6383,0.1311,22.2044,3.1513,2.6711,0.4802,27.4901,25.0190,1.9008,1011.6467,NA,NA,NA
cs2.exe,35024,0xF9F78E0260,DXGI,0,0,0,Composed: Flip,1034.4161,22.4242,22.3116,0.1126,22.0297,2.8720,2.6242,0.2478,29.7397,20.8340,-2.2496,1034.4161,NA,NA,NA
cs2.exe,35024,0xF9F78E0260,DXGI,0,0,0,Composed: Flip,1056.8403,22.8104,22.6166,0.1938,22.2804,2.9059,2.6483,0.2576,28.1495,25.0089,1.5902,1056.8403,NA,NA,NA
cs2.exe,35024,0xF9F78E0260,DXGI,0,0,0,Composed: Flip,1079.6507,22.7786,22.6423,0.1363,22.3162,2.9790,2.6363,0.3427,30.3480,24.9956,-2.1985,1079.6507,NA,NA,NA
cs2.exe,35024,0xF9F78E0260,DXGI,0,0,0,Composed: Flip,1102.4293,22.2768,22.1438,0.1330,21.7326,3.2554,2.9341,0.3213,32.5650,16.6643,-2.2170,1102.4293,NA,NA,NA
cs2.exe,35024,0xF9F78E0260,DXGI,0,0,0,Composed: Flip,1124.7061,22.4730,22.3557,0.1173,22.1140,2.8707,2.6289,0.2418,26.9525,25.0090,5.6125,1124.7061,NA,NA,NA
cs2.exe,35024,0xF9F78E0260,DXGI,0,0,0,Composed: Flip,1147.1791,22.4708,22.3539,0.1169,22.1607,2.9529,2.6457,0.3072,29.4885,20.8645,-2.5360,1147.1791,NA,NA,NA
cs2.exe,35024,0xF9F78E0260,DXGI,0,0,0,Composed: Flip,1169.6499,22.3762,22.2287,0.1475,21.9657,2.9781,2.6378,0.3403,27.8822,20.8150,1.6063,1169.6499,NA,NA,NA
cs2.exe,35024,0xF9F78E0260,DXGI,0,0,0,Composed: Flip,1192.0261,22.7145,22.5691,0.1454,22.2677,2.9432,2.6445,0.2987,26.3210,25.0110,1.5612,1192.0261,NA,NA,NA
cs2.exe,35024,0xF9F78E0260,DXGI,0,0,0,Composed: Flip,1214.7406,23.1021,22.9413,0.1608,22.5846,3.0470,2.6741,0.3729,28.6175,20.8313,-2.2965,1214.7406,NA,NA,NA
cs2.exe,35024,0xF9F78E0260,DXGI,0,0,0,Composed: Flip,1237.8427,22.6354,22.4542,0.1812,21.7898,3.4471,2.6251,0.8220,26.3467,29.1874,2.2708,1237.8427,NA,NA,NA
cs2.exe,35024,0xF9F78E0260,DXGI,0,0,0,Composed: Flip,1260.4781,24.0539,23.8402,0.2137,23.5782,3.7222,3.2414,0.4808,32.8987,20.8414,-6.5520,1260.4781,NA,NA,NA
cs2.exe,35024,0xF9F78E0260,DXGI,0,0,0,Composed: Flip,1284.5320,23.4232,23.2393,0.1839,22.9866,3.5449,2.7340,0.8109,29.6862,25.0276,3.2125,1284.5320,NA,NA,NA
cs2.exe,35024,0xF9F78E0260,DXGI,0,0,0,Composed: Flip,1307.9552,25.4574,25.2124,0.2450,24.8220,3.5513,2.7331,0.8182,31.2906,24.9879,-1.6044,1307.9552,NA,NA,NA
cs2.exe,35024,0xF9F78E0260,DXGI,0,0,0,Composed: Flip,1333.4126,24.8621,24.6461,0.2160,24.2600,3.4665,2.7838,0.6827,30.8211,25.0181,0.4695,1333.4126,NA,NA,NA
cs2.exe,35024,0xF9F78E0260,DXGI,0,0,0,Composed: Flip,1358.2747,24.3936,24.1790,0.2146,23.7323,3.5434,2.7086,0.8348,30.9771,24.9923,-0.1560,1358.2747,NA,NA,NA
cs2.exe,35024,0xF9F78E0260,DXGI,0,0,0,Composed: Flip,1382.6683,24.9563,24.7797,0.1766,24.2098,3.3073,2.7025,0.6048,31.5758,25.0029,-0.5987,1382.6683,NA,NA,NA
cs2.exe,35024,0xF9F78E0260,DXGI,0,0,0,Composed: Flip,1407.6246,23.9355,23.7696,0.1659,23.5205,3.1296,2.7328,0.3968,31.6224,20.8369,-0.0466,1407.6246,NA,NA,NA
cs2.exe,35024,0xF9F78E0260,DXGI,0,0,0,Composed: Flip,1431.5601,24.6436,24.4437,0.1999,23.9224,3.2374,2.6811,0.5563,28.5238,24.9923,3.0986,1431.5601,NA,NA,NA
cs2.exe,35024,0xF9F78E0260,DXGI,0,0,0,Composed: Flip,1456.2037,24.7333,24.4617,0.2716,23.7412,3.7077,2.7688,0.9389,28.8725,25.0267,-0.3487,1456.2037,NA,NA,NA
cs2.exe,35024,0xF9F78E0260,DXGI,0,0,0,Composed: Flip,1480.9370,22.4504,22.2687,0.1817,21.8686,3.1515,2.7111,0.4404,29.1659,25.0004,-0.2934,1480.9370,NA,NA,NA
cs2.exe,35024,0xF9F78E0260,DXGI,0,0,0,Composed: Flip,1503.3874,24.2189,23.9831,0.2358,23.5895,3.4199,2.7176,0.7023,31.7159,24.9975,-2.5500,1503.3874,NA,NA,NA
cs2.exe,35024,0xF9F78E0260,DXGI,0,0,0,Composed: Flip,1527.6063,24.5632,24.3221,0.2411,23.4878,3.5965,3.2402,0.3563,32.4945,20.8356,-0.7786,1527.6063,NA,NA,NA
cs2.exe,35024,0xF9F78E0260,DXGI,0,0,0,Composed: Flip,1552.1695,22.5356,22.3676,0.1680,22.0526,4.4803,4.2226,0.2577,28.7669,25.0026,3.7276,1552.1695,NA,NA,NA
cs2.exe,35024,0xF9F78E0260,DXGI,0,0,0,Composed: Flip,1574.7051,22.7092,22.5532,0.1560,22.3449,4.4305,4.2590,0.1715,31.2339,20.8525,-2.4670,1574.7051,NA,NA,NA
cs2.exe,35024,0xF9F78E0260,DXGI,0,0,0,Composed: Flip,1597.4143,22.1903,22.0445,0.1458,21.8103,4.5259,4.3440,0.1819,29.3772,20.8204,1.8567,1597.4143,NA,NA,NA
cs2.exe,35024,0xF9F78E0260,DXGI,0,0,0,Composed: Flip,1619.6046,22.6332,22.5199,0.1133,22.2755,4.3590,4.2224,0.1366,28.0073,25.0222,1.3699,1619.6046,NA,NA,NA
cs2.exe,35024,0xF9F78E0260,DXGI,0,0,0,Composed: Flip,1642.2378,22.4682,22.2963,0.1719,21.6373,4.5512,4.3272,0.2240,30.3963,20.8144,-2.3890,1642.2378,NA,NA,NA
cs2.exe,35024,0xF9F78E0260,DXGI,0,0,0,Composed: Flip,1664.7060,22.7868,22.6270,0.1598,22.0811,5.0405,4.1779,0.8626,28.7425,25.0624,1.6538,1664.7060,NA,NA,NA
cs2.exe,35024,0xF9F78E0260,DXGI,0,0,0,Composed: Flip,1687.4928,25.3768,25.1980,0.1788,24.8091,4.4937,4.2937,0.2000,31.0181,29.1343,-2.2756,1687.4928,NA,NA,NA
cs2.exe,35024,0xF9F78E0260,DXGI,0,0,0,Composed: Flip,1712.8696,25.9758,25.7366,0.2392,25.4364,5.2780,4.3643,0.9137,34.7756,24.9976,-3.7575,1712.8696,NA,NA,NA
cs2.exe,35024,0xF9F78E0260,DXGI,0,0,0,Composed: Flip,1738.8454,24.1004,23.8940,0.2064,23.5452,5.0331,4.3385,0.6946,33.7974,25.0252,0.9782,1738.8454,NA,NA,NA
cs2.exe,35024,0xF9F78E0260,DXGI,0,0,0,Composed: Flip,1762.9458,25.0166,24.7767,0.2399,24.4124,5.0534,4.3841,0.6693,34.7222,24.9844,-0.9248,1762.9458,NA,NA,NA
cs2.exe,35024,0xF9F78E0260,DXGI,0,0,0,Composed: Flip,1787.9624,25.3437,25.1412,0.2025,24.5908,4.6545,4.4052,0.2493,34.6900,20.8317,0.0322,1787.9624,NA,NA,NA
cs2.exe,35024,0xF9F78E0260,DXGI,0,0,0,Composed: Flip,1813.3061,24.4917,24.3088,0.1829,23.6911,4.7408,4.2938,0.4470,30.1780,25.1174,4.5120,1813.3061,NA,NA,NA
cs2.exe,35024,0xF9F78E0260,DXGI,0,0,0,Composed: Flip,1837.7978,23.5152,23.3381,0.1771,23.1246,4.5737,4.3604,0.2133,30.8037,24.8950,-0.6257,1837.7978,NA,NA,NA
cs2.exe,35024,0xF9F78E0260,DXGI,0,0,0,Composed: Flip,1861.3130,23.6399,23.4368,0.2031,23.2033,5.2962,4.9753,0.3209,32.1835,25.0018,-1.3798,1861.3130,NA,NA,NA
cs2.exe,35024,0xF9F78E0260,DXGI,0,0,0,Composed: Flip,1884.9529,24.0295,23.8319,0.1976,23.2316,5.4304,4.4703,0.9601,33.5454,29.1780,-1.3619,1884.9529,NA,NA,NA
cs2.exe,35024,0xF9F78E0260,DXGI,0,0,0,Composed: Flip,1908.9824,25.7866,25.5575,0.2291,24.9162,7.9386,7.2917,0.6469,38.6939,25.0288,-5.1485,1908.9824,NA,NA,NA
cs2.exe,35024,0xF9F78E0260,DXGI,0,0,0,Composed: Flip,1934.7690,23.9480,23.7343,0.2137,23.2056,6.1377,5.8155,0.3222,37.9361,29.1372,0.7578,1934.7690,NA,NA,NA
cs2.exe,35024,0xF9F78E0260,DXGI,0,0,0,Composed: Flip,1958.7170,24.5185,24.3123,0.2062,23.9184,8.7732,8.3715,0.4017,43.1253,20.8261,-5.1892,1958.7170,NA,NA,NA
cs2.exe,35024,0xF9F78E0260,DXGI,0,0,0,Composed: Flip,1983.2355,22.2515,22.1051,0.1464,21.8272,5.6254,5.4394,0.1860,39.4329,20.8371,3.6924,1983.2355,NA,NA,NA
cs2.exe,35024,0xF9F78E0260,DXGI,0,0,0,Composed: Flip,2005.4870,22.9817,22.8630,0.1187,22.4968,5.7026,5.1778,0.5248,38.0185,25.0124,1.4144,2005.4870,NA,NA,NA
cs2.exe,35024,0xF9F78E0260,DXGI,0,0,0,Composed: Flip,2028.4687,22.7639,22.6632,0.1007,22.4727,7.1533,6.9670,0.1863,40.0492,20.8269,-2.0307,2028.4687,NA,NA,NA
cs2.exe,35024,0xF9F78E0260,DXGI,0,0,0,Composed: Flip,2051.2326,23.7493,23.6388,0.1105,23.2930,6.4242,6.1526,0.2716,38.1122,25.0072,1.9370,2051.2326,NA,NA,NA
cs2.exe,35024,0xF9F78E0260,DXGI,0,0,0,Composed: Flip,2074.9819,22.9396,22.7987,0.1409,22.5479,5.3851,5.1299,0.2552,39.3701,20.8553,-1.2579,2074.9819,NA,NA,NA
cs2.exe,35024,0xF9F78E0260,DXGI,0,0,0,Composed: Flip,2097.9215,22.4404,22.3377,0.1027,21.9618,5.6850,5.0627,0.6223,37.2858,20.8224,2.0843,2097.9215,NA,NA,NA
cs2.exe,35024,0xF9F78E0260,DXGI,0,0,0,Composed: Flip,2120.3619,22.2965,22.1434,0.1531,21.8900,5.1552,4.9696,0.1856,35.6678,25.0135,1.6180,2120.3619,NA,NA,NA
cs2.exe,35024,0xF9F78E0260,DXGI,0,0,0,Composed: Flip,2142.6584,23.0544,22.9360,0.1184,22.5422,5.8368,5.7588,0.0780,38.3848,20.8271,-2.7170,2142.6584,NA,NA,NA
cs2.exe,35024,0xF9F78E0260,DXGI,0,0,0,Composed: Flip,2165.7128,23.0282,22.8218,0.2064,22.3360,5.2505,5.0373,0.2132,36.1575,25.0064,2.2273,2165.7128,NA,NA,NA
cs2.exe,35024,0xF9F78E0260,DXGI,0,0,0,Composed: Flip,2188.7410,23.2737,23.0905,0.1832,22.6730,4.9195,4.8783,0.0412,38.1357,20.8366,-1.9782,2188.7410,NA,NA,NA
cs2.exe,35024,0xF9F78E0260,DXGI,0,0,0,Composed: Flip,2212.0147,21.9003,21.7295,0.1708,21.3061,5.6718,5.6630,0.0088,35.6986,25.0018,2.4371,2212.0147,NA,NA,NA
cs2.exe,35024,0xF9F78E0260,DXGI,0,0,0,Composed: Flip,2233.9150,23.7540,23.6180,0.1360,23.2003,5.2394,5.1418,0.0976,38.8001,25.0536,-3.1015,2233.9150,NA,NA,NA
cs2.exe,35024,0xF9F78E0260,DXGI,0,0,0,Composed: Flip,2257.6690,23.2031,23.0545,0.1486,22.8678,7.2746,6.3549,0.9197,40.0997,20.7939,-1.2996,2257.6690,NA,NA,NA
cs2.exe,35024,0xF9F78E0260,DXGI,0,0,0,Composed: Flip,2280.8721,22.2339,21.9661,0.2678,21.6874,6.3510,6.1240,0.2270,37.6905,16.6677,2.4092,2280.8721,NA,NA,NA
cs2.exe,35024,0xF9F78E0260,DXGI,0,0,0,Composed: Flip,2303.1060,22.8380,22.6860,0.1520,22.4348,4.7251,4.4813,0.2438,32.1243,20.8333,5.5662,2303.1060,NA,NA,NA
cs2.exe,35024,0xF9F78E0260,DXGI,0,0,0,Composed: Flip,2325.9440,23.3755,23.2533,0.1222,22.7860,5.8245,5.1364,0.6881,30.1196,25.0113,2.0047,2325.9440,NA,NA,NA
cs2.exe,35024,0xF9F78E0260,DXGI,0,0,0,Composed: Flip,2349.3195,22.5545,22.3834,0.1711,22.1249,4.6483,4.4740,0.1743,31.7554,20.8354,-1.6358,2349.3195,NA,NA,NA
cs2.exe,35024,0xF9F78E0260,DXGI,0,0,0,Composed: Flip,2371.8740,21.8674,21.7572,0.1102,21.4441,4.5885,4.4557,0.1328,30.0363,25.0036,1.7191,2371.8740,NA,NA,NA
cs2.exe,35024,0xF9F78E0260,DXGI,0,0,0,Composed: Flip,2393.7414,23.3967,23.2798,0.1169,22.9418,5.2755,5.1424,0.1331,33.1725,20.8584,-3.1362,2393.7414,NA,NA,NA
cs2.exe,35024,0xF9F78E0260,DXGI,0,0,0,Composed: Flip,2417.1381,23.0003,22.8617,0.1386,22.4506,4.9997,4.8419,0.1578,30.6342,20.8304,2.5383,2417.1381,NA,NA,NA
cs2.exe,35024,0xF9F78E0260,DXGI,0,0,0,Composed: Flip,2440.1384,22.7517,22.5958,0.1559,22.2851,4.7454,4.4930,0.2524,28.4643,24.9915,2.1699,2440.1384,NA,NA,NA
cs2.exe,35024,0xF9F78E0260,DXGI,0,0,0,Composed: Flip,2462.8901,22.3964,22.2727,0.1237,22.0573,5.3596,5.1859,0.1737,30.7041,20.8541,-2.2398,2462.8901,NA,NA,NA
cs2.exe,35024,0xF9F78E0260,DXGI,0,0,0,Composed: Flip,2485.2865,22.8019,22.6399,0.1620,22.3577,4.8099,4.5898,0.2201,29.1618,33.3254,1.5423,2485.2865,NA,NA,NA
cs2.exe,35024,0xF9F78E0260,DXGI,0,0,0,Composed: Flip,2508.0884,32.6968,32.5264,0.1704,32.1924,5.1473,4.9518,0.1955,39.6853,25.0147,-10.5235,2508.0884,NA,NA,NA
cs2.exe,35024,0xF9F78E0260,DXGI,0,0,0,Composed: Flip,2540.7852,22.4089,22.2813,0.1276,21.6745,5.1089,4.6137,0.4952,32.0032,20.8503,7.6821,2540.7852,NA,NA,NA
cs2.exe,35024,0xF9F78E0260,DXGI,0,0,0,Composed: Flip,2563.1941,23.1627,22.7180,0.4447,22.3364,5.2213,5.2179,0.0034,30.4446,24.9943,1.5586,2563.1941,NA,NA,NA
cs2.exe,35024,0xF9F78E0260,DXGI,0,0,0,Composed: Flip,2586.3568,22.9719,22.8488,0.1231,22.5880,4.8453,4.6106,0.2347,32.2762,20.8216,-1.8316,2586.3568,NA,NA,NA
cs2.exe,35024,0xF9F78E0260,DXGI,0,0,0,Composed: Flip,2609.3287,23.1957,23.0491,0.1466,22.7453,4.8417,4.6103,0.2314,30.1259,25.0097,2.1503,2609.3287,NA,NA,NA
cs2.exe,35024,0xF9F78E0260,DXGI,0,0,0,Composed: Flip,2632.5244,22.8283,22.7051,0.1232,22.4279,4.8515,4.5613,0.2902,31.9399,20.8328,-1.8140,2632.5244,NA,NA,NA
cs2.exe,35024,0xF9F78E0260,DXGI,0,0,0,Composed: Flip,2655.3527,22.0429,21.8836,0.1593,21.5062,4.8974,4.7079,0.1895,29.9444,20.8353,1.9955,2655.3527,NA,NA,NA
cs2.exe,35024,0xF9F78E0260,DXGI,0,0,0,Composed: Flip,2677.3956,23.2720,23.1303,0.1417,22.8672,4.8468,4.7278,0.1190,28.7368,25.0193,1.2076,2677.3956,NA,NA,NA
cs2.exe,35024,0xF9F78E0260,DXGI,0,0,0,Composed: Flip,2700.6676,23.1785,23.0511,0.1274,22.7498,4.8898,4.6889,0.2009,30.4841,24.9904,-1.7473,2700.6676,NA,NA,NA
cs2.exe,35024,0xF9F78E0260,DXGI,0,0,0,Composed: Flip,2723.8461,23.4281,23.2629,0.1652,22.9473,4.8504,4.6771,0.1733,32.2960,20.8382,-1.8119,2723.8461,NA,NA,NA
cs2.exe,35024,0xF9F78E0260,DXGI,0,0,0,Composed: Flip,2747.2742,21.9602,21.8389,0.1213,21.4573,4.8879,4.7134,0.1745,29.7061,20.8551,2.5899,2747.2742,NA,NA,NA
cs2.exe,35024,0xF9F78E0260,DXGI,0,0,0,Composed: Flip,2769.2344,22.4957,22.3698,0.1259,21.7499,5.3044,4.7090,0.5954,28.6010,24.9867,1.1051,2769.2344,NA,NA,NA
cs2.exe,35024,0xF9F78E0260,DXGI,0,0,0,Composed: Flip,2791.7301,21.7034,21.5878,0.1156,21.3120,4.8777,4.7253,0.1524,31.0920,20.8501,-2.4910,2791.7301,NA,NA,NA
cs2.exe,35024,0xF9F78E0260,DXGI,0,0,0,Composed: Flip,2813.4335,23.2648,23.1325,0.1323,22.8425,5.3649,5.0447,0.3202,30.2387,20.8605,0.8533,2813.4335,NA,NA,NA
cs2.exe,35024,0xF9F78E0260,DXGI,0,0,0,Composed: Flip,2836.6983,22.0912,21.9541,0.1371,21.6539,4.8769,4.7084,0.1685,27.8344,20.8133,2.4043,2836.6983,NA,NA,NA
cs2.exe,35024,0xF9F78E0260,DXGI,0,0,0,Composed: Flip,2858.7895,21.0523,20.8680,0.1843,20.4640,5.0079,4.7341,0.2738,26.5565,25.0026,1.2779,2858.7895,NA,NA,NA
cs2.exe,35024,0xF9F78E0260,DXGI,0,0,0,Composed: Flip,2879.8418,21.6671,21.5391,0.1280,21.1139,4.9083,4.8060,0.1023,30.5068,20.8340,-3.9503,2879.8418,NA,NA,NA
cs2.exe,35024,0xF9F78E0260,DXGI,0,0,0,Composed: Flip,2901.5089,22.0613,21.9255,0.1358,21.6555,5.0433,4.7650,0.2783,29.6737,20.8647,0.8331,2901.5089,NA,NA,NA
cs2.exe,35024,0xF9F78E0260,DXGI,0,0,0,Composed: Flip,2923.5702,22.4688,22.3324,0.1364,22.0143,4.9870,4.8579,0.1291,28.4771,24.9885,1.1966,2923.5702,NA,NA,NA
cs2.exe,35024,0xF9F78E0260,DXGI,0,0,0,Composed: Flip,2946.0390,21.8637,21.7255,0.1382,21.4032,5.0793,4.8391,0.2402,30.9968,20.8222,-2.5197,2946.0390,NA,NA,NA
cs2.exe,35024,0xF9F78E0260,DXGI,0,0,0,Composed: Flip,2967.9027,22.8138,22.6471,0.1667,22.1439,5.4178,4.8402,0.5776,29.9553,20.8390,1.0415,2967.9027,NA,NA,NA
cs2.exe,35024,0xF9F78E0260,DXGI,0,0,0,Composed: Flip,2990.7165,21.6032,21.4399,0.1633,21.1208,4.8794,4.7927,0.0867,27.9805,25.0289,1.9748,2990.7165,NA,NA,NA
cs2.exe,35024,0xF9F78E0260,DXGI,0,0,0,Composed: Flip,3012.3197,22.1071,21.9885,0.1186,21.6611,5.3278,5.1571,0.1707,31.4062,20.8155,-3.4257,3012.3197,NA,NA,NA
cs2.exe,35024,0xF9F78E0260,DXGI,0,0,0,Composed: Flip,3034.4268,22.6880,22.5327,0.1553,22.2219,4.9317,4.7683,0.1634,30.1146,20.8345,1.2916,3034.4268,NA,NA,NA
cs2.exe,35024,0xF9F78E0260,DXGI,0,0,0,Composed: Flip,3057.1148,22.1886,22.0467,0.1419,21.6141,4.9414,4.7572,0.1842,28.2611,25.0108,1.8535,3057.1148,NA,NA,NA
cs2.exe,35024,0xF9F78E0260,DXGI,0,0,0,Composed: Flip,3079.3034,23.2833,23.1249,0.1584,22.7247,5.1138,4.9805,0.1333,31.0833,20.8504,-2.8222,3079.3034,NA,NA,NA
cs2.exe,35024,0xF9F78E0260,DXGI,0,0,0,Composed: Flip,3102.5867,22.5669,22.4022,0.1647,22.1213,5.0824,4.9797,0.1027,28.6504,29.1590,2.4329,3102.5867,NA,NA,NA
cs2.exe,35024,0xF9F78E0260,DXGI,0,0,0,Composed: Flip,3125.1536,23.8781,23.7052,0.1729,23.2872,6.1711,5.9356,0.2355,35.2425,20.8663,-6.5921,3125.1536,NA,NA,NA
cs2.exe,35024,0xF9F78E0260,DXGI,0,0,0,Composed: Flip,3149.0317,24.2485,24.0693,0.1792,23.5598,5.3064,5.0363,0.2701,32.2307,24.9866,3.0118,3149.0317,NA,NA,NA
cs2.exe,35024,0xF9F78E0260,DXGI,0,0,0,Composed: Flip,3173.2802,23.9254,23.7069,0.2185,23.2010,5.7927,4.9677,0.8250,32.9688,25.0157,-0.7381,3173.2802,NA,NA,NA
cs2.exe,35024,0xF9F78E0260,DXGI,0,0,0,Composed: Flip,3197.2056,23.8984,23.6593,0.2391,22.4783,6.2274,5.3870,0.8404,34.0591,29.1808,-1.0903,3197.2056,NA,NA,NA
cs2.exe,35024,0xF9F78E0260,DXGI,0,0,0,Composed: Flip,3221.1040,28.3876,28.1780,0.2096,27.9236,6.4515,5.8385,0.6130,39.3415,20.8346,-5.2824,3221.1040,NA,NA,NA
cs2.exe,35024,0xF9F78E0260,DXGI,0,0,0,Composed: Flip,3249.4916,24.6217,24.3666,0.2551,23.9477,5.8180,5.0139,0.8041,31.7885,29.1857,7.5530,3249.4916,NA,NA,NA
cs2.exe,35024,0xF9F78E0260,DXGI,0,0,0,Composed: Flip,3274.1133,25.9011,25.6746,0.2265,25.1648,5.7549,5.1407,0.6142,36.3525,20.8208,-4.5640,3274.1133,NA,NA,NA
cs2.exe,35024,0xF9F78E0260,DXGI,0,0,0,Composed: Flip,3300.0144,24.9016,24.7210,0.1806,24.1733,5.7763,5.1025,0.6738,31.2722,25.0014,5.0803,3300.0144,NA,NA,NA
cs2.exe,35024,0xF9F78E0260,DXGI,0,0,0,Composed: Flip,3324.9160,23.6198,23.3426,0.2772,22.6039,6.1588,5.8925,0.2663,31.3720,25.0040,-0.0998,3324.9160,NA,NA,NA
cs2.exe,35024,0xF9F78E0260,DXGI,0,0,0,Composed: Flip,3348.5358,22.6393,22.4581,0.1812,22.1534,5.2877,5.0743,0.2134,32.7562,20.8344,-1.3842,3348.5358,NA,NA,NA
cs2.exe,35024,0xF9F78E0260,DXGI,0,0,0,Composed: Flip,3371.1751,22.7967,22.6116,0.1851,22.2918,5.2769,5.1113,0.1656,30.9513,33.3506,1.8049,3371.1751,NA,NA,NA
cs2.exe,35024,0xF9F78E0260,DXGI,0,0,0,Composed: Flip,3393.9718,25.3102,25.0853,0.2249,24.3039,7.0397,6.3719,0.6678,41.5052,16.6635,-10.5539,3393.9718,NA,NA,NA
cs2.exe,35024,0xF9F78E0260,DXGI,0,0,0,Composed: Flip,3419.2820,22.7561,22.5577,0.1984,21.6172,6.1170,5.2060,0.9110,32.8585,20.8485,8.6467,3419.2820,NA,NA,NA
cs2.exe,35024,0xF9F78E0260,DXGI,0,0,0,Composed: Flip,3442.0381,23.7440,23.5761,0.1679,23.1002,5.3917,5.1055,0.2862,30.9509,24.9860,1.9076,3442.0381,NA,NA,NA
cs2.exe,35024,0xF9F78E0260,DXGI,0,0,0,Composed: Flip,3465.7821,25.2886,25.1109,0.1777,24.7868,5.7123,5.3058,0.4065,32.1929,25.0152,-1.2420,3465.7821,NA,NA,NA
cs2.exe,35024,0xF9F78E0260,DXGI,0,0,0,Composed: Flip,3491.0707,24.3342,24.0197,0.3145,23.6552,6.4127,5.9712,0.4415,31.9195,24.9894,0.2734,3491.0707,NA,NA,NA
cs2.exe,35024,0xF9F78E0260,DXGI,0,0,0,Composed: Flip,3515.4049,23.7579,23.6071,0.1508,23.3079,5.9721,5.6646,0.3075,32.5747,20.8356,-0.6552,3515.4049,NA,NA,NA
cs2.exe,35024,0xF9F78E0260,DXGI,0,0,0,Composed: Flip,3539.1628,22.0910,21.8924,0.1986,21.5949,5.4719,5.2324,0.2395,29.6524,24.9958,2.9223,3539.1628,NA,NA,NA
cs2.exe,35024,0xF9F78E0260,DXGI,0,0,0,Composed: Flip,3561.2538,23.2283,23.0710,0.1573,22.5819,6.3842,6.1391,0.2451,32.5572,20.8490,-2.9048,3561.2538,NA,NA,NA
cs2.exe,35024,0xF9F78E0260,DXGI,0,0,0,Composed: Flip,3584.4821,21.7534,21.6117,0.1417,21.3357,5.3105,5.2606,0.0499,30.1779,20.8313,2.3793,3584.4821,NA,NA,NA
cs2.exe,35024,0xF9F78E0260,DXGI,0,0,0,Composed: Flip,3606.2355,22.8695,22.7312,0.1383,22.4910,5.4501,5.2165,0.2336,29.2558,25.0026,0.9221,3606.2355,NA,NA,NA
cs2.exe,35024,0xF9F78E0260,DXGI,0,0,0,Composed: Flip,3629.1050,24.0102,23.8689,0.1413,23.3734,6.6156,5.9793,0.6363,31.3889,20.8590,-2.1331,3629.1050,NA,NA,NA
cs2.exe,35024,0xF9F78E0260,DXGI,0,0,0,Composed: Flip,3653.1152,21.7453,21.5971,0.1482,21.1212,5.3896,5.1879,0.2017,28.2377,24.9933,3.1512,3653.1152,NA,NA,NA
cs2.exe,35024,0xF9F78E0260,DXGI,0,0,0,Composed: Flip,3674.8605,23.3030,23.1567,0.1463,22.7028,5.5681,5.4734,0.0947,31.4857,29.1843,-3.2480,3674.8605,NA,NA,NA
cs2.exe,35024,0xF9F78E0260,DXGI,0,0,0,Composed: Flip,3698.1635,26.6067,26.3861,0.2206,25.4411,6.2587,6.0045,0.2542,37.3670,24.9810,-5.8813,3698.1635,NA,NA,NA
cs2.exe,35024,0xF9F78E0260,DXGI,0,0,0,Composed: Flip,3724.7702,26.6083,26.4134,0.1949,26.0265,6.1184,5.4498,0.6686,35.7413,25.0297,1.6257,3724.7702,NA,NA,NA
cs2.exe,35024,0xF9F78E0260,DXGI,0,0,0,Composed: Flip,3751.3785,26.0300,25.8253,0.2047,25.4078,5.9824,5.3913,0.5911,34.1627,24.9955,1.5786,3751.3785,NA,NA,NA
cs2.exe,35024,0xF9F78E0260,DXGI,0,0,0,Composed: Flip,3777.4085,23.6620,23.4616,0.2004,22.9814,5.5625,5.3824,0.1801,33.1282,20.8478,1.0345,3777.4085,NA,NA,NA
cs2.exe,35024,0xF9F78E0260,DXGI,0,0,0,Composed: Flip,3801.0705,22.3831,22.2258,0.1573,21.8998,6.2138,5.7315,0.4823,30.3140,20.8228,2.8142,3801.0705,NA,NA,NA
cs2.exe,35024,0xF9F78E0260,DXGI,0,0,0,Composed: Flip,3823.4536,21.9457,21.7512,0.1945,20.8874,6.3409,5.7395,0.6014,28.7537,24.9968,1.5603,3823.4536,NA,NA,NA
cs2.exe,35024,0xF9F78E0260,DXGI,0,0,0,Composed: Flip,3845.3993,22.2139,22.0294,0.1845,21.6839,5.5402,5.3195,0.2207,31.8048,25.0139,-3.0511,3845.3993,NA,NA,NA
cs2.exe,35024,0xF9F78E0260,DXGI,0,0,0,Composed: Flip,3867.6132,24.6200,24.4526,0.1674,24.2004,5.6546,5.4600,0.1946,34.6048,20.8547,-2.8000,3867.6132,NA,NA,NA
cs2.exe,35024,0xF9F78E0260,DXGI,0,0,0,Composed: Flip,3892.2332,24.4893,23.6472,0.8421,23.2998,5.6987,5.4778,0.2209,30.8395,29.1509,3.7653,3892.2332,NA,NA,NA
cs2.exe,35024,0xF9F78E0260,DXGI,0,0,0,Composed: Flip,3916.7225,22.9228,22.6895,0.2333,22.4791,6.2601,5.9111,0.3490,35.5011,20.8493,-4.6616,3916.7225,NA,NA,NA
cs2.exe,35024,0xF9F78E0260,DXGI,0,0,0,Composed: Flip,3939.6453,23.5617,23.4027,0.1590,23.1013,5.6421,5.4599,0.1822,33.4276,20.8156,2.0735,3939.6453,NA,NA,NA
cs2.exe,35024,0xF9F78E0260,DXGI,0,0,0,Composed: Flip,3963.2070,23.3024,23.0865,0.2159,22.5919,6.6476,6.2092,0.4384,30.6815,25.0080,2.7461,3963.2070,NA,NA,NA
cs2.exe,35024,0xF9F78E0260,DXGI,0,0,0,Composed: Flip,3986.5094,23.4416,23.2456,0.1960,22.8092,5.5897,5.4565,0.1332,32.3871,20.8315,-1.7056,3986.5094,NA,NA,NA
cs2.exe,35024,0xF9F78E0260,DXGI,0,0,0,Composed: Flip,4009.9510,22.5193,22.3199,0.1994,22.0604,5.6215,5.4296,0.1919,29.7770,25.0201,2.6101,4009.9510,NA,NA,NA
cs2.exe,35024,0xF9F78E0260,DXGI,0,0,0,Composed: Flip,4032.4703,22.5275,22.2621,0.2654,21.9042,6.4802,6.2184,0.2618,32.2778,20.8172,-2.5008,4032.4703,NA,NA,NA
cs2.exe,35024,0xF9F78E0260,DXGI,0,0,0,Composed: Flip,4054.9978,22.3422,22.1922,0.1500,21.7432,6.0251,5.3809,0.6442,30.5675,20.8474,1.7103,4054.9978,NA,NA,NA
cs2.exe,35024,0xF9F78E0260,DXGI,0,0,0,Composed: Flip,4077.3400,22.1225,21.9941,0.1284,21.6848,5.6931,5.5840,0.1091,29.0727,24.9979,1.4948,4077.3400,NA,NA,NA
cs2.exe,35024,0xF9F78E0260,DXGI,0,0,0,Composed: Flip,4099.4625,22.7186,22.5522,0.1664,22.2096,6.4420,6.3383,0.1037,31.9481,20.8507,-2.8754,4099.4625,NA,NA,NA
cs2.exe,35024,0xF9F78E0260,DXGI,0,0,0,Composed: Flip,4122.1811,21.9355,21.7747,0.1608,21.1854,5.9897,5.5488,0.4409,30.0802,25.0316,1.8679,4122.1811,NA,NA,NA
cs2.exe,35024,0xF9F78E0260,DXGI,0,0,0,Composed: Flip,4144.1166,23.2422,23.0914,0.1508,22.8108,5.7289,5.5875,0.1414,33.1763,20.8321,-3.0961,4144.1166,NA,NA,NA
cs2.exe,35024,0xF9F78E0260,DXGI,0,0,0,Composed: Flip,4167.3588,23.7000,23.3713,0.3287,22.6617,6.3292,6.3233,0.0059,30.7662,24.9961,2.4101,4167.3588,NA,NA,NA
cs2.exe,35024,0xF9F78E0260,DXGI,0,0,0,Composed: Flip,4191.0588,23.5666,23.3621,0.2045,22.8959,6.5154,5.6194,0.8960,32.0623,29.1917,-1.2961,4191.0588,NA,NA,NA
cs2.exe,35024,0xF9F78E0260,DXGI,0,0,0,Composed: Flip,4214.6254,25.1387,24.9537,0.1850,24.7224,6.4153,5.9933,0.4220,37.6874,20.8223,-5.6251,4214.6254,NA,NA,NA
cs2.exe,35024,0xF9F78E0260,DXGI,0,0,0,Composed: Flip,4239.7641,24.3920,24.1741,0.2179,23.5575,5.8307,5.6196,0.2111,33.3710,25.0302,4.3164,4239.7641,NA,NA,NA
cs2.exe,35024,0xF9F78E0260,DXGI,0,0,0,Composed: Flip,4264.1561,24.9856,24.7598,0.2258,23.6032,7.6018,6.4891,1.1127,34.0092,24.9833,-0.6382,4264.1561,NA,NA,NA
cs2.exe,35024,0xF9F78E0260,DXGI,0,0,0,Composed: Flip,4289.1417,23.3579,23.1815,0.1764,22.8687,6.1929,5.6725,0.5204,34.0069,29.1599,0.0023,4289.1417,NA,NA,NA
cs2.exe,35024,0xF9F78E0260,DXGI,0,0,0,Composed: Flip,4312.4996,26.1445,25.9104,0.2341,25.5398,6.9066,6.1153,0.7913,39.8089,20.8392,-5.8020,4312.4996,NA,NA,NA
cs2.exe,35024,0xF9F78E0260,DXGI,0,0,0,Composed: Flip,4338.6441,25.4711,25.2500,0.2211,24.8354,6.3227,5.7246,0.5981,34.5036,25.0171,5.3053,4338.6441,NA,NA,NA
cs2.exe,35024,0xF9F78E0260,DXGI,0,0,0,Composed: Flip,4364.1152,24.9113,24.6934,0.2179,24.2154,7.2369,6.5408,0.6961,34.0496,25.0158,0.4540,4364.1152,NA,NA,NA
cs2.exe,35024,0xF9F78E0260,DXGI,0,0,0,Composed: Flip,4389.0265,25.2128,24.9924,0.2204,24.1753,6.3612,5.6960,0.6652,34.1541,25.0170,-0.1045,4389.0265,NA,NA,NA
cs2.exe,35024,0xF9F78E0260,DXGI,0,0,0,Composed: Flip,4414.2393,24.8334,24.5986,0.2348,23.9354,6.5098,5.7441,0.7657,33.9583,24.9719,0.1958,4414.2393,NA,NA,NA
cs2.exe,35024,0xF9F78E0260,DXGI,0,0,0,Composed: Flip,4439.0727,24.5004,24.2552,0.2452,23.6934,6.4441,5.7285,0.7156,34.0968,25.0179,-0.1385,4439.0727,NA,NA,NA
cs2.exe,35024,0xF9F78E0260,DXGI,0,0,0,Composed: Flip,4463.5731,25.0138,24.6857,0.3281,24.3376,7.3916,6.7786,0.6130,34.6143,25.0284,-0.5175,4463.5731,NA,NA,NA
cs2.exe,35024,0xF9F78E0260,DXGI,0,0,0,Composed: Flip,4488.5869,24.5858,24.3504,0.2354,23.7030,7.0434,5.8020,1.2414,34.6289,24.9750,-0.0146,4488.5869,NA,NA,NA
cs2.exe,35024,0xF9F78E0260,DXGI,0,0,0,Composed: Flip,4513.1727,24.0956,23.8953,0.2003,23.7834,6.1675,5.8373,0.3302,35.0181,20.8333,-0.3892,4513.1727,NA,NA,NA
cs2.exe,35024,0xF9F78E0260,DXGI,0,0,0,Composed: Flip,4537.2683,24.7446,24.5490,0.1956,24.2023,6.0610,5.8465,0.2145,31.7558,29.1691,3.2623,4537.2683,NA,NA,NA
cs2.exe,35024,0xF9F78E0260,DXGI,0,0,0,Composed: Flip,4562.0129,23.3326,23.1307,0.2019,22.5361,7.4967,7.0036,0.4931,36.1803,20.8296,-4.4245,4562.0129,NA,NA,NA
cs2.exe,35024,0xF9F78E0260,DXGI,0,0,0,Composed: Flip,4585.3455,24.0263,23.8256,0.2007,23.5409,6.1933,5.8428,0.3505,33.6773,25.0288,2.5030,4585.3455,NA,NA,NA
cs2.exe,35024,0xF9F78E0260,DXGI,0,0,0,Composed: Flip,4609.3718,24.1645,23.8085,0.3560,23.4386,6.4382,6.1961,0.2421,34.6798,20.8197,-1.0025,4609.3718,NA,NA,NA
cs2.exe,35024,0xF9F78E0260,DXGI,0,0,0,Composed: Flip,4633.5363,23.1329,22.8960,0.2369,22.3543,6.9285,6.6279,0.3006,31.3350,24.9869,3.3448,4633.5363,NA,NA,NA
cs2.exe,35024,0xF9F78E0260,DXGI,0,0,0,Composed: Flip,4656.6692,23.3757,22.9679,0.4078,22.6074,6.2533,5.8374,0.4159,33.1890,20.8295,-1.8540,4656.6692,NA,NA,NA
cs2.exe,35024,0xF9F78E0260,DXGI,0,0,0,Composed: Flip,4680.0449,22.0046,21.8016,0.2030,21.4496,6.0273,5.8416,0.1857,30.6428,25.0157,2.5462,4680.0449,NA,NA,NA
cs2.exe,35024,0xF9F78E0260,DXGI,0,0,0,Composed: Flip,4702.0495,22.9682,22.8159,0.1523,21.8723,6.5341,6.0494,0.4847,33.6539,20.8333,-3.0111,4702.0495,NA,NA,NA
cs2.exe,35024,0xF9F78E0260,DXGI,0,0,0,Composed: Flip,4725.0177,22.4730,22.3312,0.1418,22.1233,5.9633,5.8217,0.1416,31.5190,20.8338,2.1349,4725.0177,NA,NA,NA
cs2.exe,35024,0xF9F78E0260,DXGI,0,0,0,Composed: Flip,4747.4907,22.1862,22.0595,0.1267,21.8424,5.9474,5.8403,0.1071,29.8798,25.0231,1.6392,4747.4907,NA,NA,NA
cs2.exe,35024,0xF9F78E0260,DXGI,0,0,0,Composed: Flip,4769.6769,22.5154,22.4039,0.1115,22.1208,6.8303,6.7076,0.1227,32.7167,20.8578,-2.8369,4769.6769,NA,NA,NA
cs2.exe,35024,0xF9F78E0260,DXGI,0,0,0,Composed: Flip,4792.1923,21.0894,20.9693,0.1201,20.6652,5.9160,5.8564,0.0596,31.0591,24.9779,1.6576,4792.1923,NA,NA,NA
cs2.exe,35024,0xF9F78E0260,DXGI,0,0,0,Composed: Flip,4813.2817,22.9454,22.8001,0.1453,22.6688,6.4421,6.2937,0.1484,34.9476,20.8306,-3.8885,4813.2817,NA,NA,NA
cs2.exe,35024,0xF9F78E0260,DXGI,0,0,0,Composed: Flip,4836.2271,23.0521,22.9079,0.1442,22.4998,5.9801,5.8520,0.1281,32.8328,29.1711,2.1148,4836.2271,NA,NA,NA
cs2.exe,35024,0xF9F78E0260,DXGI,0,0,0,Composed: Flip,4859.2792,23.2524,23.1287,0.1237,22.9233,7.8439,7.7706,0.0733,38.9518,16.6678,-6.1190,4859.2792,NA,NA,NA
cs2.exe,35024,0xF9F78E0260,DXGI,0,0,0,Composed: Flip,4882.5316,21.6374,21.5144,0.1230,21.3084,6.1417,5.9698,0.1719,32.3672,20.8361,6.5846,4882.5316,NA,NA,NA
cs2.exe,35024,0xF9F78E0260,DXGI,0,0,0,Composed: Flip,4904.1690,22.6383,22.4818,0.1565,22.1834,6.1063,5.9865,0.1198,31.5659,20.8388,0.8013,4904.1690,NA,NA,NA
cs2.exe,35024,0xF9F78E0260,DXGI,0,0,0,Composed: Flip,4926.8073,22.3930,22.2661,0.1269,21.6918,6.9318,6.3704,0.5614,29.7664,25.0045,1.7995,4926.8073,NA,NA,NA
cs2.exe,35024,0xF9F78E0260,DXGI,0,0,0,Composed: Flip,4949.2003,21.9349,21.8187,0.1162,21.5761,6.4624,6.3781,0.0843,32.3779,20.8356,-2.6115,4949.2003,NA,NA,NA
cs2.exe,35024,0xF9F78E0260,DXGI,0,0,0,Composed: Flip,4971.1352,22.1081,21.9871,0.1210,21.5320,6.0331,5.9774,0.0557,31.2786,20.8308,1.0993,4971.1352,NA,NA,NA
cs2.exe,35024,0xF9F78E0260,DXGI,0,0,0,Composed: Flip,4993.2433,22.1669,22.0236,0.1433,21.8823,6.0873,5.9642,0.1231,30.0013,20.8698,1.2773,4993.2433,NA,NA,NA
cs2.exe,35024,0xF9F78E0260,DXGI,0,0,0,Composed: Flip,5015.4102,21.7013,21.5525,0.1488,21.2955,6.0686,5.9690,0.0996,28.7042,24.9862,1.2971,5015.4102,NA,NA,NA
cs2.exe,35024,0xF9F78E0260,DXGI,0,0,0,Composed: Flip,5037.1115,22.5193,22.3439,0.1754,22.0374,6.1245,5.9434,0.1811,31.9891,20.8674,-3.2849,5037.1115,NA,NA,NA
cs2.exe,35024,0xF9F78E0260,DXGI,0,0,0,Composed: Flip,5059.6308,22.8475,22.7017,0.1458,22.4114,6.1170,6.0033,0.1137,30.3372,24.9788,1.6519,5059.6308,NA,NA,NA
cs2.exe,35024,0xF9F78E0260,DXGI,0,0,0,Composed: Flip,5082.4783,22.8794,22.7380,0.1414,22.3996,6.2766,6.0559,0.2207,32.4685,20.8290,-2.1313,5082.4783,NA,NA,NA
cs2.exe,35024,0xF9F78E0260,DXGI,0,0,0,Composed: Flip,5105.3577,22.3881,21.9838,0.4043,21.4479,6.4957,6.3245,0.1712,30.4181,25.0158,2.0504,5105.3577,NA,NA,NA
cs2.exe,35024,0xF9F78E0260,DXGI,0,0,0,Composed: Flip,5127.7458,22.4917,22.3288,0.1629,21.8454,7.1299,6.4585,0.6714,33.0458,25.0180,-2.6277,5127.7458,NA,NA,NA
cs2.exe,35024,0xF9F78E0260,DXGI,0,0,0,Composed: Flip,5150.2375,23.6799,23.4862,0.1937,23.1530,6.8017,6.5764,0.2253,35.5721,20.8349,-2.5263,5150.2375,NA,NA,NA
cs2.exe,35024,0xF9F78E0260,DXGI,0,0,0,Composed: Flip,5173.9174,24.6839,24.4698,0.2141,24.0057,6.7236,6.1961,0.5275,32.7271,29.1726,2.8450,5173.9174,NA,NA,NA
cs2.exe,35024,0xF9F78E0260,DXGI,0,0,0,Composed: Flip,5198.6013,24.4290,24.1756,0.2534,23.6712,7.7986,7.0984,0.7002,37.2158,20.8284,-4.4887,5198.6013,NA,NA,NA
cs2.exe,35024,0xF9F78E0260,DXGI,0,0,0,Composed: Flip,5223.0303,25.6751,25.4250,0.2501,24.7971,7.0855,6.3897,0.6958,33.6152,25.0147,3.6006,5223.0303,NA,NA,NA
cs2.exe,35024,0xF9F78E0260,DXGI,0,0,0,Composed: Flip,5248.7054,24.1087,23.8593,0.2494,23.1715,6.8888,6.1787,0.7101,32.9548,24.9985,0.6604,5248.7054,NA,NA,NA
cs2.exe,35024,0xF9F78E0260,DXGI,0,0,0,Composed: Flip,5272.8141,24.6357,24.4263,0.2094,24.0204,6.8502,6.3000,0.5502,33.8446,24.9997,-0.8898,5272.8141,NA,NA,NA
cs2.exe,35024,0xF9F78E0260,DXGI,0,0,0,Composed: Flip,5297.4498,25.0774,24.8952,0.1822,24.4241,7.3967,7.0676,0.3291,34.2086,25.0118,-0.3640,5297.4498,NA,NA,NA
cs2.exe,35024,0xF9F78E0260,DXGI,0,0,0,Composed: Flip,5322.5272,23.2717,23.0852,0.1865,22.9085,7.1198,6.6852,0.4346,34.1430,20.8368,0.0656,5322.5272,NA,NA,NA
cs2.exe,35024,0xF9F78E0260,DXGI,0,0,0,Composed: Flip,5345.7989,24.0286,23.8369,0.1917,23.3365,6.7564,6.1709,0.5855,31.7081,25.0176,2.4349,5345.7989,NA,NA,NA
cs2.exe,35024,0xF9F78E0260,DXGI,0,0,0,Composed: Flip,5369.8275,23.8204,23.6597,0.1607,23.3527,6.3583,6.2508,0.1075,32.6971,29.1898,-0.9890,5369.8275,NA,NA,NA
cs2.exe,35024,0xF9F78E0260,DXGI,0,0,0,Composed: Flip,5393.6479,25.4840,25.3184,0.1656,25.0912,7.7256,7.2230,0.5026,38.0665,20.8080,-5.3694,5393.6479,NA,NA,NA
cs2.exe,35024,0xF9F78E0260,DXGI,0,0,0,Composed: Flip,5419.1319,24.3068,24.1435,0.1633,23.9161,6.9071,6.7320,0.1751,33.3905,24.9965,4.6760,5419.1319,NA,NA,NA
cs2.exe,35024,0xF9F78E0260,DXGI,0,0,0,Composed: Flip,5443.4387,25.3258,25.1029,0.2229,24.7774,6.5728,6.2246,0.3482,34.0802,24.9986,-0.6897,5443.4387,NA,NA,NA
cs2.exe,35024,0xF9F78E0260,DXGI,0,0,0,Composed: Flip,5468.7645,23.8361,23.6545,0.1816,23.3844,6.5322,6.3002,0.2320,33.7530,20.8361,0.3272,5468.7645,NA,NA,NA
cs2.exe,35024,0xF9F78E0260,DXGI,0,0,0,Composed: Flip,5492.6006,22.9834,22.8239,0.1595,22.4709,6.4602,6.3045,0.1557,30.7530,25.0118,3.0000,5492.6006,NA,NA,NA
cs2.exe,35024,0xF9F78E0260,DXGI,0,0,0,Composed: Flip,5515.5840,23.6128,23.4718,0.1410,23.1145,6.3629,6.2353,0.1276,32.7814,20.8246,-2.0284,5515.5840,NA,NA,NA
cs2.exe,35024,0xF9F78E0260,DXGI,0,0,0,Composed: Flip,5539.1968,23.0703,22.9268,0.1435,22.5810,6.3516,6.2636,0.0880,29.9932,25.0368,2.7882,5539.1968,NA,NA,NA
cs2.exe,35024,0xF9F78E0260,DXGI,0,0,0,Composed: Flip,5562.2671,22.8515,22.6716,0.1799,22.2735,7.5619,7.0984,0.4635,31.9597,20.8198,-1.9665,5562.2671,NA,NA,NA
cs2.exe,35024,0xF9F78E0260,DXGI,0,0,0,Composed: Flip,5585.1186,22.3469,22.1743,0.1726,21.9250,6.3502,6.3210,0.0292,29.9280,24.9946,2.0317,5585.1186,NA,NA,NA
cs2.exe,35024,0xF9F78E0260,DXGI,0,0,0,Composed: Flip,5607.4655,22.3490,22.2306,0.1184,22.0056,6.3997,6.2891,0.1106,32.5757,25.0168,-2.6477,5607.4655,NA,NA,NA
cs2.exe,35024,0xF9F78E0260,DXGI,0,0,0,Composed: Flip,5629.8145,23.7517,23.6101,0.1416,23.3294,7.3654,7.2206,0.1448,35.2435,20.8545,-2.6678,5629.8145,NA,NA,NA
cs2.exe,35024,0xF9F78E0260,DXGI,0,0,0,Composed: Flip,5653.5662,23.5198,23.3483,0.1715,23.0035,6.5053,6.3398,0.1655,32.3463,25.0071,2.8972,5653.5662,NA,NA,NA
cs2.exe,35024,0xF9F78E0260,DXGI,0,0,0,Composed: Flip,5677.0860,23.6337,23.3772,0.2565,22.9691,6.6908,6.4633,0.2275,33.8336,24.9874,-1.4873,5677.0860,NA,NA,NA
cs2.exe,35024,0xF9F78E0260,DXGI,0,0,0,Composed: Flip,5700.7197,25.4228,25.1844,0.2384,24.8611,7.0793,6.3825,0.6968,35.1873,25.0160,-1.3537,5700.7197,NA,NA,NA
cs2.exe,35024,0xF9F78E0260,DXGI,0,0,0,Composed: Flip,5726.1425,24.9818,24.7904,0.1914,24.3739,7.6561,7.2491,0.4070,34.7805,24.9869,0.4068,5726.1425,NA,NA,NA
cs2.exe,35024,0xF9F78E0260,DXGI,0,0,0,Composed: Flip,5751.1243,25.2634,25.0619,0.2015,24.6807,7.2862,6.8818,0.4044,34.7856,25.0076,-0.0051,5751.1243,NA,NA,NA
cs2.exe,35024,0xF9F78E0260,DXGI,0,0,0,Composed: Flip,5776.3877,24.0711,23.9057,0.1654,23.4341,7.0962,6.4092,0.6870,34.5298,20.8633,0.2558,5776.3877,NA,NA,NA
cs2.exe,35024,0xF9F78E0260,DXGI,0,0,0,Composed: Flip,5800.4588,22.6644,22.5171,0.1473,22.2024,7.3586,7.3365,0.0221,31.3220,24.9977,3.2078,5800.4588,NA,NA,NA
cs2.exe,35024,0xF9F78E0260,DXGI,0,0,0,Composed: Flip,5823.1232,23.3828,23.1874,0.1954,22.5700,7.0993,6.8325,0.2668,33.6553,25.0289,-2.3333,5823.1232,NA,NA,NA
cs2.exe,35024,0xF9F78E0260,DXGI,0,0,0,Composed: Flip,5846.5060,23.9895,23.8290,0.1605,23.6108,6.6717,6.4061,0.2656,35.3014,20.7976,-1.6461,5846.5060,NA,NA,NA
cs2.exe,35024,0xF9F78E0260,DXGI,0,0,0,Composed: Flip,5870.4955,22.9125,22.7339,0.1786,22.4809,6.7653,6.5315,0.2338,32.1095,25.0174,3.1919,5870.4955,NA,NA,NA
cs2.exe,35024,0xF9F78E0260,DXGI,0,0,0,Composed: Flip,5893.4080,23.8305,23.6050,0.2255,23.3184,6.7855,6.4833,0.3022,34.2144,20.8443,-2.1049,5893.4080,NA,NA,NA
cs2.exe,35024,0xF9F78E0260,DXGI,0,0,0,Composed: Flip,5917.2385,23.1249,22.9607,0.1642,22.6564,6.7766,6.4852,0.2914,31.2282,24.9719,2.9862,5917.2385,NA,NA,NA
cs2.exe,35024,0xF9F78E0260,DXGI,0,0,0,Composed: Flip,5940.3634,24.8196,24.6658,0.1538,24.3049,6.6401,6.4516,0.1885,33.0752,25.0175,-1.8470,5940.3634,NA,NA,NA
cs2.exe,35024,0xF9F78E0260,DXGI,0,0,0,Composed: Flip,5965.1830,23.1919,22.9744,0.2175,22.5029,7.4756,7.3395,0.1361,33.2731,24.9995,-0.1979,5965.1830,NA,NA,NA
cs2.exe,35024,0xF9F78E0260,DXGI,0,0,0,Composed: Flip,5988.3749,23.7062,23.5656,0.1406,23.0415,6.9214,6.4569,0.4645,35.0807,20.8320,-1.8076,5988.3749,NA,NA,NA
cs2.exe,35024,0xF9F78E0260,DXGI,0,0,0,Composed: Flip,6012.0811,22.9522,22.8288,0.1234,22.5681,6.5738,6.4194,0.1544,32.2065,25.0038,2.8742,6012.0811,NA,NA,NA
cs2.exe,35024,0xF9F78E0260,DXGI,0,0,0,Composed: Flip,6035.0333,23.0647,22.3264,0.7383,22.0250,7.2184,7.2137,0.0047,34.2581,20.8408,-2.0516,6035.0333,NA,NA,NA
cs2.exe,35024,0xF9F78E0260,DXGI,0,0,0,Composed: Flip,6058.0980,22.0335,21.8877,0.1458,21.5297,6.4969,6.4192,0.0777,32.0342,20.8330,2.2239,6058.0980,NA,NA,NA
cs2.exe,35024,0xF9F78E0260,DXGI,0,0,0,Composed: Flip,6080.1315,22.5614,22.4098,0.1516,22.1338,6.5994,6.5265,0.0729,30.8337,25.0213,1.2005,6080.1315,NA,NA,NA
cs2.exe,35024,0xF9F78E0260,DXGI,0,0,0,Composed: Flip,6102.6929,23.2606,23.1206,0.1400,22.7591,6.6708,6.5863,0.0845,33.2936,25.0076,-2.4599,6102.6929,NA,NA,NA
cs2.exe,35024,0xF9F78E0260,DXGI,0,0,0,Composed: Flip,6125.9535,24.0919,23.8254,0.2665,23.4801,7.2952,6.9919,0.3033,35.0406,20.8664,-1.7470,6125.9535,NA,NA,NA
cs2.exe,35024,0xF9F78E0260,DXGI,0,0,0,Composed: Flip,6150.0454,23.2426,23.0311,0.2115,22.7576,6.7610,6.5760,0.1850,31.8151,24.9823,3.2255,6150.0454,NA,NA,NA
cs2.exe,35024,0xF9F78E0260,DXGI,0,0,0,Composed: Flip,6173.2880,23.9749,23.5127,0.4622,22.9516,7.0459,6.5525,0.4934,33.5548,37.5089,-1.7397,6173.2880,NA,NA,NA
cs2.exe,35024,0xF9F78E0260,DXGI,0,0,0,Composed: Flip,6197.2629,26.0043,25.7989,0.2054,25.3750,11.4252,10.7990,0.6262,47.0888,154.1973,-13.5340,6197.2629,NA,NA,NA
cs2.exe,35024,0xF9F78E0260,DXGI,0,0,0,Composed: Flip,6223.2672,156.2898,156.1250,0.1648,139.0571,26.2175,9.3533,16.8642,175.2818,29.1752,-128.1930,6223.2672,NA,NA,NA
cs2.exe,35024,0xF9F78E0260,DXGI,0,0,0,Composed: Flip,6379.5570,27.8061,27.1318,0.6743,26.7338,9.5532,9.3249,0.2283,48.1672,25.0003,127.1146,6379.5570,NA,NA,NA
cs2.exe,35024,0xF9F78E0260,DXGI,0,0,0,Composed: Flip,6407.3631,24.2547,24.0345,0.2202,23.7936,9.4507,8.9977,0.4530,45.3614,25.0048,2.8058,6407.3631,NA,NA,NA
cs2.exe,35024,0xF9F78E0260,DXGI,0,0,0,Composed: Flip,6431.6178,25.0003,24.7457,0.2546,24.2898,11.1616,11.1544,0.0072,46.1115,20.8482,-0.7501,6431.6178,NA,NA,NA
cs2.exe,35024,0xF9F78E0260,DXGI,0,0,0,Composed: Flip,6456.6181,25.1451,24.9532,0.1919,24.5315,9.4510,9.0898,0.3612,41.9594,33.3150,4.1521,6456.6181,NA,NA,NA
cs2.exe,35024,0xF9F78E0260,DXGI,0,0,0,Composed: Flip,6481.7632,34.8600,34.6901,0.1699,34.3839,9.9973,9.7372,0.2601,50.1293,8.3347,-8.1699,6481.7632,NA,NA,NA
cs2.exe,35024,0xF9F78E0260,DXGI,0,0,0,Composed: Flip,6516.6232,11.2246,11.0624,0.1622,10.2518,8.8858,8.1815,0.7043,23.6040,8.3355,26.5253,6516.6232,NA,13.8824,NA
cs2.exe,35024,0xF9F78E0260,DXGI,0,0,0,Composed: Flip,6527.8478,8.0693,3.1784,4.8909,7.9130,8.3698,8.3698,0.0000,20.7149,8.3348,2.8891,6527.8478,NA,NA,NA
cs2.exe,35024,0xF9F78E0260,DXGI,0,0,0,Composed: Flip,6535.9171,8.4073,1.9461,6.4612,8.2135,7.9184,7.9184,0.0000,20.9804,8.4067,-0.2655,6535.9171,NA,20.5637,NA
cs2.exe,35024,0xF9F78E0260,DXGI,0,0,0,Composed: Flip,6544.3244,7.8705,1.4856,6.3849,7.7246,9.0797,9.0797,0.0000,20.9798,8.2517,0.0006,6544.3244,NA,20.9643,NA
cs2.exe,35024,0xF9F78E0260,DXGI,0,0,0,Composed: Flip,6552.1949,9.0999,1.3605,7.7394,8.9338,7.3726,7.3726,0.0000,21.3610,8.3762,-0.3812,6552.1949,NA,21.2115,NA
cs2.exe,35024,0xF9F78E0260,DXGI,0,0,0,Composed: Flip,6561.2948,7.3557,1.2055,6.1502,7.2065,8.0852,8.0852,0.0000,20.6373,8.3760,0.7237,6561.2948,NA,20.5874,NA
cs2.exe,35024,0xF9F78E0260,DXGI,0,0,0,Composed: Flip,6568.6505,8.0886,1.1208,6.9678,7.9360,8.2491,8.2491,0.0000,21.6576,8.2696,-1.0203,6568.6505,NA,21.9543,NA
cs2.exe,35024,0xF9F78E0260,DXGI,0,0,0,Composed: Flip,6576.7391,8.2316,1.0783,7.1533,8.0965,8.0333,8.0333,0.0000,21.8386,8.3412,-0.1810,6576.7391,NA,21.2389,NA
cs2.exe,35024,0xF9F78E0260,DXGI,0,0,0,Composed: Flip,6584.9707,8.0368,1.1458,6.8910,7.8982,6.5374,6.5374,0.0000,21.9482,8.3711,-0.1096,6584.9707,NA,21.5787,NA
cs2.exe,35024,0xF9F78E0260,DXGI,0,0,0,Composed: Flip,6593.0075,6.5766,1.2999,5.2767,6.3988,5.9510,5.9510,0.0000,22.2825,4.1313,-0.3343,6593.0075,NA,21.9434,NA
cs2.exe,35024,0xF9F78E0260,DXGI,0,0,0,Composed: Flip,6599.5841,5.9526,1.2942,4.6584,5.7732,6.4983,6.4983,0.0000,19.8372,8.3214,2.4453,6599.5841,NA,19.0788,NA
cs2.exe,35024,0xF9F78E0260,DXGI,0,0,0,Composed: Flip,6605.5367,6.4896,1.3232,5.1664,6.3189,5.3706,5.3706,0.0000,22.2060,4.1561,-2.3688,6605.5367,NA,22.4017,NA
cs2.exe,35024,0xF9F78E0260,DXGI,0,0,0,Composed: Flip,6612.0263,5.3446,1.3917,3.9529,5.1999,7.3710,7.3710,0.0000,19.8725,8.3526,2.3335,6612.0263,NA,19.5631,NA
cs2.exe,35024,0xF9F78E0260,DXGI,0,0,0,Composed: Flip,6617.3709,8.1223,2.2327,5.8896,7.2263,6.5562,6.5562,0.0000,22.8805,4.2654,-3.0080,6617.3709,NA,NA,NA
cs2.exe,35024,0xF9F78E0260,DXGI,0,0,0,Composed: Flip,6625.4932,5.8379,2.0632,3.7747,5.6602,6.7503,6.7503,0.0000,19.0236,8.2423,3.8569,6625.4932,NA,19.1600,NA
cs2.exe,35024,0xF9F78E0260,DXGI,0,0,0,Composed: Flip,6631.3311,6.7370,1.9805,4.7565,6.5726,6.5916,6.5916,0.0000,21.4280,4.1915,-2.4044,6631.3311,NA,20.4259,NA
cs2.exe,35024,0xF9F78E0260,DXGI,0,0,0,Composed: Flip,6638.0681,6.9386,1.3743,5.5643,6.4272,6.1085,6.1085,0.0000,18.8825,8.3173,2.5455,6638.0681,NA,18.5977,NA
cs2.exe,35024,0xF9F78E0260,DXGI,0,0,0,Composed: Flip,6645.0067,5.7486,1.3908,4.3578,5.5971,6.4415,6.4415,0.0000,20.2612,4.1521,-1.3787,6645.0067,NA,19.9314,NA
cs2.exe,35024,0xF9F78E0260,DXGI,0,0,0,Composed: Flip,6650.7553,8.3910,1.5255,6.8655,6.2900,7.0391,7.0391,0.0000,18.6647,8.3478,1.5965,6650.7553,NA,18.0697,NA
cs2.exe,35024,0xF9F78E0260,DXGI,0,0,0,Composed: Flip,6659.1463,5.1252,1.4306,3.6946,4.9381,5.9339,5.9339,0.0000,18.6215,8.3191,0.0432,6659.1463,NA,18.4186,NA
cs2.exe,35024,0xF9F78E0260,DXGI,0,0,0,Composed: Flip,6664.2715,5.9023,1.1615,4.7408,5.7468,6.4890,6.4890,0.0000,21.8154,4.1679,-3.1939,6664.2715,NA,21.7473,NA
cs2.exe,35024,0xF9F78E0260,DXGI,0,0,0,Composed: Flip,6670.1738,6.4697,1.1140,5.3557,6.3335,6.3746,6.3746,0.0000,20.0810,8.3428,1.7344,6670.1738,NA,19.9187,NA
cs2.exe,35024,0xF9F78E0260,DXGI,0,0,0,Composed: Flip,6676.6435,6.3661,1.2456,5.1205,6.2384,5.4529,5.4529,0.0000,21.9541,4.1553,-1.8731,6676.6435,NA,22.2649,NA
cs2.exe,35024,0xF9F78E0260,DXGI,0,0,0,Composed: Flip,6683.0096,5.4930,1.2301,4.2629,5.3252,4.9245,4.9245,0.0000,19.7433,4.1685,2.2108,6683.0096,NA,19.4125,NA
cs2.exe,35024,0xF9F78E0260,DXGI,0,0,0,Composed: Flip,6688.5026,4.8994,1.2593,3.6401,4.7567,2.0379,2.0379,0.0000,NA,NA,NA,NA,NA,NA,NA
cs2.exe,35024,0xF9F78E0260,DXGI,0,0,0,Composed: Flip,6693.4020,2.0349,1.1826,0.8523,1.8952,3.2090,2.0999,1.1091,13.5194,4.2843,6.2239,6693.4020,NA,13.5890,NA
cs2.exe,35024,0xF9F78E0260,DXGI,0,0,0,Composed: Flip,6695.4369,3.1733,1.8737,1.2996,3.0693,3.5155,2.8752,0.6403,15.7688,4.0528,-2.2494,6695.4369,NA,14.8395,NA
cs2.exe,35024,0xF9F78E0260,DXGI,0,0,0,Composed: Flip,6698.6102,3.5512,1.4028,2.1484,3.4115,2.6563,2.6563,0.0000,16.6483,4.1735,-0.8795,6698.6102,NA,15.9065,NA
cs2.exe,35024,0xF9F78E0260,DXGI,0,0,0,Composed: Flip,6702.1614,2.6585,1.1207,1.5378,2.5166,2.4839,2.4839,0.0000,NA,NA,NA,NA,NA,NA,NA
cs2.exe,35024,0xF9F78E0260,DXGI,0,0,0,Composed: Flip,6704.8199,2.5082,1.0086,1.4996,2.3420,2.8705,2.3837,0.4868,14.6121,4.1592,2.0362,6704.8199,NA,14.0791,NA
cs2.exe,35024,0xF9F78E0260,DXGI,0,0,0,Composed: Flip,6707.3281,2.8498,2.0357,0.8141,2.7043,3.4575,2.2427,1.2148,16.2631,4.1731,-1.6510,6707.3281,NA,15.2383,NA
cs2.exe,35024,0xF9F78E0260,DXGI,0,0,0,Composed: Flip,6710.1779,3.4187,2.3475,1.0712,3.3120,2.7623,2.5888,0.1735,NA,NA,NA,NA,NA,NA,NA
cs2.exe,35024,0xF9F78E0260,DXGI,0,0,0,Composed: Flip,6713.5966,2.7738,1.2740,1.4998,2.6556,2.7202,2.7202,0.0000,14.1677,4.1931,2.0954,6713.5966,NA,13.4324,NA
cs2.exe,35024,0xF9F78E0260,DXGI,0,0,0,Composed: Flip,6716.3704,2.7161,1.4291,1.2870,2.6020,2.7686,2.7644,0.0042,15.5870,4.1565,-1.4193,6716.3704,NA,14.6245,NA
cs2.exe,35024,0xF9F78E0260,DXGI,0,0,0,Composed: Flip,6719.0865,3.4859,3.3919,0.0940,2.8046,3.7501,3.2174,0.5327,17.0274,4.2199,-1.4404,6719.0865,NA,NA,NA
cs2.exe,35024,0xF9F78E0260,DXGI,0,0,0,Composed: Flip,6722.5724,3.5938,3.4998,0.0940,3.3717,3.6386,3.0119,0.6267,17.7614,4.1205,-0.7340,6722.5724,NA,14.9888,NA
cs2.exe,35024,0xF9F78E0260,DXGI,0,0,0,Composed: Flip,6726.1662,3.5226,2.5475,0.9751,3.4165,3.5330,2.5048,1.0282,18.2881,4.1539,-0.5267,6726.1662,NA,16.1045,NA
cs2.exe,35024,0xF9F78E0260,DXGI,0,0,0,Composed: Flip,6729.6888,3.6097,1.6102,1.9995,3.4269,3.5797,2.5431,1.0366,NA,NA,NA,NA,NA,NA,NA
cs2.exe,35024,0xF9F78E0260,DXGI,0,0,0,Composed: Flip,6733.2985,3.5847,1.4943,2.0904,3.3969,3.0566,2.9127,0.1439,15.3097,4.1939,2.9784,6733.2985,NA,14.2744,NA
cs2.exe,35024,0xF9F78E0260,DXGI,0,0,0,Composed: Flip,6736.8832,3.0082,1.2798,1.7284,2.8688,2.7790,2.7790,0.0000,15.9189,4.1992,-0.6092,6736.8832,NA,15.4595,NA
cs2.exe,35024,0xF9F78E0260,DXGI,0,0,0,Composed: Flip,6739.8914,2.7946,1.4730,1.3216,2.6396,2.3903,2.3903,0.0000,NA,NA,NA,NA,NA,NA,NA
cs2.exe,35024,0xF9F78E0260,DXGI,0,0,0,Composed: Flip,6742.6860,2.3811,1.8127,0.5684,2.2353,2.9559,2.9447,0.0112,14.3153,4.1059,1.6036,6742.6860,NA,13.6569,NA
cs2.exe,35024,0xF9F78E0260,DXGI,0,0,0,Composed: Flip,6745.0671,3.0210,2.6281,0.3929,2.8415,3.4285,3.1086,0.3199,16.0401,4.1691,-1.7248,6745.0671,NA,NA,NA
cs2.exe,35024,0xF9F78E0260,DXGI,0,0,0,Composed: Flip,6748.0881,5.0470,4.9066,0.1404,4.6193,4.1579,3.5547,0.6032,17.1882,4.1753,-1.1481,6748.0881,NA,12.9336,NA
cs2.exe,35024,0xF9F78E0260,DXGI,0,0,0,Composed: Flip,6753.1351,3.8804,3.4752,0.4052,3.7302,4.0007,3.3658,0.6349,16.3165,4.1940,0.8717,6753.1351,NA,14.1149,NA
cs2.exe,35024,0xF9F78E0260,DXGI,0,0,0,Composed: Flip,6757.0155,3.9805,3.1706,0.8099,3.8505,2.4227,2.4227,0.0000,16.6301,4.1577,-0.3136,6757.0155,NA,14.2974,NA
cs2.exe,35024,0xF9F78E0260,DXGI,0,0,0,Composed: Flip,6760.9960,3.2991,3.1668,0.1323,2.2927,2.9076,2.6074,0.3002,16.8073,4.1315,-0.1772,6760.9960,NA,16.4712,NA
cs2.exe,35024,0xF9F78E0260,DXGI,0,0,0,Composed: Flip,6764.2951,4.2486,4.1417,0.1069,3.5029,3.0681,2.6323,0.4358,17.6397,4.1770,-0.8324,6764.2951,NA,16.5884,17.5835
cs2.exe,35024,0xF9F78E0260,DXGI,0,0,0,Composed: Flip,6768.5437,6.4155,6.2796,0.1359,5.5028,3.9960,3.0730,0.9230,NA,NA,NA,NA,NA,NA,NA
cs2.exe,35024,0xF9F78E0260,DXGI,0,0,0,Composed: Flip,6774.9592,3.3345,3.1735,0.1610,3.0833,3.2612,2.5713,0.6899,11.1526,8.3426,6.4871,6774.9592,NA,15.7540,NA
cs2.exe,35024,0xF9F78E0260,DXGI,0,0,0,Composed: Flip,6778.2937,3.1516,3.0113,0.1403,3.0100,2.8216,2.7470,0.0746,16.1607,4.1962,-5.0081,6778.2937,NA,NA,NA
cs2.exe,35024,0xF9F78E0260,DXGI,0,0,0,Composed: Flip,6781.4453,4.2887,4.1602,0.1285,3.9257,3.8443,3.0079,0.8364,17.2053,4.1503,-1.0446,6781.4453,NA,NA,NA
cs2.exe,35024,0xF9F78E0260,DXGI,0,0,0,Composed: Flip,6785.7340,3.6776,3.3531,0.3245,3.4813,3.7595,3.4506,0.3089,17.0669,4.1523,0.1384,6785.7340,NA,NA,NA
cs2.exe,35024,0xF9F78E0260,DXGI,0,0,0,Composed: Flip,6789.4116,3.7325,3.1712,0.5613,3.5632,2.4333,2.4281,0.0052,17.5416,4.1797,-0.4747,6789.4116,NA,NA,NA
cs2.exe,35024,0xF9F78E0260,DXGI,0,0,0,Composed: Flip,6793.1441,3.6065,3.4609,0.1456,2.7468,3.5631,2.8254,0.7377,17.9888,4.1630,-0.4472,6793.1441,NA,18.7771,NA
cs2.exe,35024,0xF9F78E0260,DXGI,0,0,0,Composed: Flip,6796.7506,5.8065,5.6583,0.1482,5.1409,3.9201,3.0194,0.9007,18.5453,4.1587,-0.5565,6796.7506,NA,NA,NA
cs2.exe,35024,0xF9F78E0260,DXGI,0,0,0,Composed: Flip,6802.5571,3.5848,3.4422,0.1426,3.2545,3.5949,2.9770,0.6179,16.8975,4.2201,1.6478,6802.5571,NA,17.0866,NA
cs2.exe,35024,0xF9F78E0260,DXGI,0,0,0,Composed: Flip,6806.1419,3.5300,3.3958,0.1342,3.2646,3.0866,2.5655,0.5211,17.5328,4.1156,-0.6353,6806.1419,NA,17.3192,NA
cs2.exe,35024,0xF9F78E0260,DXGI,0,0,0,Composed: Flip,6809.6719,6.7452,6.5594,0.1858,5.9850,4.0764,3.1761,0.9003,NA,NA,NA,NA,NA,NA,NA
cs2.exe,35024,0xF9F78E0260,DXGI,0,0,0,Composed: Flip,6816.4171,4.2288,4.0812,0.1476,3.3162,3.9291,2.9716,0.9575,11.3732,8.3484,6.1596,6816.4171,NA,13.4429,NA
cs2.exe,35024,0xF9F78E0260,DXGI,0,0,0,Composed: Flip,6820.6459,3.2385,3.1267,0.1118,3.0165,3.8084,3.5285,0.2799,15.4928,4.1556,-4.1196,6820.6459,NA,15.7771,NA
cs2.exe,35024,0xF9F78E0260,DXGI,0,0,0,Composed: Flip,6823.8844,4.2643,4.1194,0.1449,3.5864,4.8967,3.1063,1.7904,16.4099,4.1774,-0.9171,6823.8844,NA,14.9413,NA
cs2.exe,35024,0xF9F78E0260,DXGI,0,0,0,Composed: Flip,6828.1487,5.7715,5.6125,0.1590,4.9184,4.6176,3.0201,1.5975,16.3230,8.3300,0.0869,6828.1487,NA,13.1206,NA
cs2.exe,35024,0xF9F78E0260,DXGI,0,0,0,Composed: Flip,6833.9202,3.9334,3.8138,0.1196,3.7645,3.2903,2.8890,0.4013,18.8815,4.1645,-2.5585,6833.9202,NA,16.4569,NA
cs2.exe,35024,0xF9F78E0260,DXGI,0,0,0,Composed: Flip,6837.8536,3.6245,3.5208,0.1037,3.1214,3.8329,2.9865,0.8464,19.1126,4.1687,-0.2311,6837.8536,NA,18.6277,NA
cs2.exe,35024,0xF9F78E0260,DXGI,0,0,0,Composed: Flip,6841.4781,5.2401,5.1154,0.1247,4.6306,3.5546,2.7341,0.8205,19.6568,4.1594,-0.5442,6841.4781,NA,15.7961,NA
cs2.exe,35024,0xF9F78E0260,DXGI,0,0,0,Composed: Flip,6846.7182,4.2071,4.0749,0.1322,3.3738,3.4600,2.8362,0.6238,18.5761,4.1827,1.0807,6846.7182,NA,14.9519,15.9407
cs2.exe,35024,0xF9F78E0260,DXGI,0,0,0,Composed: Flip,6850.9253,8.9829,8.8397,0.1432,8.3561,3.5340,2.6570,0.8770,18.5517,8.3243,0.0244,6850.9253,NA,11.1412,NA
cs2.exe,35024,0xF9F78E0260,DXGI,0,0,0,Composed: Flip,6859.9082,6.0208,5.8690,0.1518,4.9637,4.3999,3.2143,1.1856,17.8931,4.2144,0.6586,6859.9082,NA,13.4608,NA
cs2.exe,35024,0xF9F78E0260,DXGI,0,0,0,Composed: Flip,6865.9290,3.7697,3.5670,0.2027,3.3428,3.3386,2.9046,0.4340,16.0867,4.1457,1.8064,6865.9290,NA,13.6719,NA
cs2.exe,35024,0xF9F78E0260,DXGI,0,0,0,Composed: Flip,6869.6987,3.6718,3.5657,0.1061,3.2477,3.6205,3.0019,0.6186,16.4627,4.1358,-0.3760,6869.6987,NA,13.8173,NA
cs2.exe,35024,0xF9F78E0260,DXGI,0,0,0,Composed: Flip,6873.3705,6.0701,5.9316,0.1385,5.3241,3.9336,3.0330,0.9006,NA,NA,NA,NA,NA,NA,NA
cs2.exe,35024,0xF9F78E0260,DXGI,0,0,0,Composed: Flip,6879.4406,4.1419,4.0073,0.1346,3.3209,3.4443,2.6557,0.7886,10.8566,8.3347,5.6061,6879.4406,NA,7.9550,NA
cs2.exe,35024,0xF9F78E0260,DXGI,0,0,0,Composed: Flip,6883.5825,4.8711,4.7345,0.1366,3.9686,4.6927,3.7569,0.9358,15.0494,8.3468,-4.1928,6883.5825,NA,11.2836,NA
cs2.exe,35024,0xF9F78E0260,DXGI,0,0,0,Composed: Flip,6888.4536,5.8448,5.6524,0.1924,5.3046,3.8807,2.9356,0.9451,18.5251,4.1602,-3.4757,6888.4536,NA,NA,NA
cs2.exe,35024,0xF9F78E0260,DXGI,0,0,0,Composed: Flip,6894.2984,6.6721,6.5242,0.1479,5.9012,3.5883,2.5723,1.0160,16.8405,8.3493,1.6846,6894.2984,NA,10.8021,NA
cs2.exe,35024,0xF9F78E0260,DXGI,0,0,0,Composed: Flip,6900.9705,4.2488,4.1309,0.1179,3.5347,3.2617,2.5501,0.7116,18.5177,4.1598,-1.6772,6900.9705,NA,15.1418,NA
cs2.exe,35024,0xF9F78E0260,DXGI,0,0,0,Composed: Flip,6905.2193,5.5691,5.4520,0.1171,4.6070,3.6017,2.8052,0.7965,18.4287,4.1786,0.0890,6905.2193,NA,14.3032,NA
cs2.exe,35024,0xF9F78E0260,DXGI,0,0,0,Composed: Flip,6910.7884,3.0433,2.9373,0.1060,2.6396,3.0779,2.4392,0.6387,17.0382,4.1755,1.3905,6910.7884,NA,NA,NA
cs2.exe,35024,0xF9F78E0260,DXGI,0,0,0,Composed: Flip,6913.8317,4.8327,4.6627,0.1700,3.9130,3.3262,2.5040,0.8222,18.1704,4.1371,-1.1322,6913.8317,NA,14.6511,NA
cs2.exe,35024,0xF9F78E0260,DXGI,0,0,0,Composed: Flip,6918.6644,5.1762,5.0503,0.1259,4.3609,3.9523,3.2713,0.6810,17.4748,4.1794,0.6956,6918.6644,NA,13.8056,NA
cs2.exe,35024,0xF9F78E0260,DXGI,0,0,0,Composed: Flip,6923.8406,4.0419,3.9287,0.1132,3.2427,3.3742,2.8751,0.4991,16.4780,4.1547,0.9968,6923.8406,NA,12.9718,NA
cs2.exe,35024,0xF9F78E0260,DXGI,0,0,0,Composed: Flip,6927.8825,4.0452,3.9243,0.1209,3.4168,3.1854,2.7948,0.3906,16.5908,4.1943,-0.1128,6927.8825,NA,13.1259,NA
cs2.exe,35024,0xF9F78E0260,DXGI,0,0,0,Composed: Flip,6931.9277,3.1760,3.0836,0.0924,2.5978,2.8699,2.4749,0.3950,16.7399,4.1593,-0.1491,6931.9277,NA,14.3324,NA
cs2.exe,35024,0xF9F78E0260,DXGI,0,0,0,Composed: Flip,6935.1037,4.6146,4.5249,0.0897,4.1410,3.1172,2.8066,0.3106,17.7232,4.1741,-0.9833,6935.1037,NA,13.4888,NA
cs2.exe,35024,0xF9F78E0260,DXGI,0,0,0,Composed: Flip,6939.7183,3.4573,3.3630,0.0943,2.8008,3.0833,2.4571,0.6262,17.2827,4.1596,0.4405,6939.7183,NA,14.6494,NA
cs2.exe,35024,0xF9F78E0260,DXGI,0,0,0,Composed: Flip,6943.1756,3.7296,3.6256,0.1040,3.2331,2.9859,2.4617,0.5242,NA,NA,NA,NA,NA,NA,NA
cs2.exe,35024,0xF9F78E0260,DXGI,0,0,0,Composed: Flip,6946.9052,2.7492,2.6546,0.0946,2.4894,3.1709,2.7967,0.3742,14.2554,4.1645,3.0273,6946.9052,NA,14.8045,NA
cs2.exe,35024,0xF9F78E0260,DXGI,0,0,0,Composed: Flip,6949.6544,6.1962,6.0492,0.1470,5.5285,3.8708,2.9866,0.8842,15.6707,8.3209,-1.4153,6949.6544,NA,9.9835,10.9875
cs2.exe,35024,0xF9F78E0260,DXGI,0,0,0,Composed: Flip,6955.8506,4.1826,4.0492,0.1334,3.2053,3.0423,2.4976,0.5447,NA,NA,NA,NA,NA,NA,NA
cs2.exe,35024,0xF9F78E0260,DXGI,0,0,0,Composed: Flip,6960.0332,2.4896,2.3826,0.1070,2.0650,3.0912,2.6078,0.4834,13.6128,4.2011,2.0579,6960.0332,NA,12.3018,NA
cs2.exe,35024,0xF9F78E0260,DXGI,0,0,0,Composed: Flip,6962.5228,2.8057,2.5978,0.2079,2.6666,2.7901,2.7853,0.0048,15.3243,4.1378,-1.7115,6962.5228,NA,13.5168,NA
cs2.exe,35024,0xF9F78E0260,DXGI,0,0,0,Composed: Flip,6965.3285,3.9490,3.8408,0.1082,3.4719,3.2175,2.8313,0.3862,16.6564,4.1687,-1.3321,6965.3285,NA,13.6454,NA
cs2.exe,35024,0xF9F78E0260,DXGI,0,0,0,Composed: Flip,6969.2775,3.1494,3.0247,0.1247,2.7404,2.9344,2.3820,0.5524,16.8761,4.1826,-0.2197,6969.2775,NA,15.8059,NA
cs2.exe,35024,0xF9F78E0260,DXGI,0,0,0,Composed: Flip,6972.4269,3.0664,2.9658,0.1006,2.5254,3.1686,2.5080,0.6606,NA,NA,NA,NA,NA,NA,NA
cs2.exe,35024,0xF9F78E0260,DXGI,0,0,0,Composed: Flip,6975.4933,2.8069,2.4253,0.3816,2.7610,2.5450,2.5450,0.0000,14.8429,4.1596,2.0332,6975.4933,NA,15.9878,NA
cs2.exe,35024,0xF9F78E0260,DXGI,0,0,0,Composed: Flip,6978.3002,2.6157,2.5113,0.1044,2.4991,2.8852,2.6635,0.2217,16.1956,4.1625,-1.3527,6978.3002,NA,15.1479,NA
cs2.exe,35024,0xF9F78E0260,DXGI,0,0,0,Composed: Flip,6980.9159,4.5759,4.4765,0.0994,3.9544,3.2007,2.7760,0.4247,17.7424,4.1836,-1.5468,6980.9159,NA,15.2984,NA
cs2.exe,35024,0xF9F78E0260,DXGI,0,0,0,Composed: Flip,6985.4918,3.4555,3.3525,0.1030,2.8990,3.4290,2.9114,0.5176,17.3501,4.1547,0.3923,6985.4918,NA,16.4913,NA
cs2.exe,35024,0xF9F78E0260,DXGI,0,0,0,Composed: Flip,6988.9473,3.5343,3.4465,0.0878,2.9805,3.0481,2.6660,0.3821,18.0493,4.1642,-0.6992,6988.9473,NA,NA,NA
cs2.exe,35024,0xF9F78E0260,DXGI,0,0,0,Composed: Flip,6992.4816,3.7408,3.6261,0.1147,2.8429,3.8331,2.9281,0.9050,18.6792,4.1624,-0.6299,6992.4816,NA,20.8184,NA
cs2.exe,35024,0xF9F78E0260,DXGI,0,0,0,Composed: Flip,6996.2224,3.1897,3.0673,0.1224,2.9352,3.9134,3.2695,0.6439,19.1008,4.1644,-0.4216,6996.2224,NA,NA,NA
cs2.exe,35024,0xF9F78E0260,DXGI,0,0,0,Composed: Flip,6999.4121,5.9863,5.8532,0.1331,5.1178,3.5251,2.6034,0.9217,20.0755,4.1909,-0.9747,6999.4121,NA,NA,NA
cs2.exe,35024,0xF9F78E0260,DXGI,0,0,0,Composed: Flip,7005.3984,3.5046,3.3530,0.1516,2.9224,3.5095,2.5525,0.9570,NA,NA,NA,NA,NA,NA,NA
cs2.exe,35024,0xF9F78E0260,DXGI,0,0,0,Composed: Flip,7008.9030,3.1411,2.9990,0.1421,2.9273,3.4821,2.5540,0.9281,14.7755,4.1535,5.3000,7008.9030,NA,NA,NA
cs2.exe,35024,0xF9F78E0260,DXGI,0,0,0,Composed: Flip,7012.0441,3.4687,3.1164,0.3523,3.2683,2.5861,2.5781,0.0080,15.7879,4.1653,-1.0124,7012.0441,NA,NA,NA
cs2.exe,35024,0xF9F78E0260,DXGI,0,0,0,Composed: Flip,7015.5128,3.8172,3.6869,0.1303,3.0049,3.3527,2.7855,0.5672,16.4845,4.1759,-0.6966,7015.5128,NA,NA,NA
cs2.exe,35024,0xF9F78E0260,DXGI,0,0,0,Composed: Flip,7019.3300,2.6818,2.5008,0.1810,2.5404,2.3508,2.3386,0.0122,16.8432,4.1816,-0.3587,7019.3300,NA,NA,NA
cs2.exe,35024,0xF9F78E0260,DXGI,0,0,0,Composed: Flip,7022.0118,3.2370,3.1057,0.1313,2.5087,3.6150,2.8598,0.7552,NA,NA,NA,NA,NA,NA,NA
cs2.exe,35024,0xF9F78E0260,DXGI,0,0,0,Composed: Flip,7025.2488,3.0789,2.8173,0.2616,2.8867,3.1632,2.8259,0.3373,15.1060,12.4675,1.7372,7025.2488,NA,15.9741,15.9741
cs2.exe,35024,0xF9F78E0260,DXGI,0,0,0,Composed: Flip,7028.3277,16.1219,15.9456,0.1763,15.0234,4.7297,2.7267,2.0030,24.4946,12.5125,-9.3886,7028.3277,NA,NA,NA
cs2.exe,35024,0xF9F78E0260,DXGI,0,0,0,Composed: Flip,7044.4496,13.9903,13.8667,0.1236,13.3658,3.2234,2.6448,0.5786,20.8852,8.3274,3.6094,7044.4496,NA,NA,NA
cs2.exe,35024,0xF9F78E0260,DXGI,0,0,0,Composed: Flip,7058.4399,3.2818,3.1797,0.1021,2.8215,3.7200,3.0582,0.6618,15.2223,4.1970,5.6629,7058.4399,NA,NA,NA
cs2.exe,35024,0xF9F78E0260,DXGI,0,0,0,Composed: Flip,7061.7217,5.2834,5.0881,0.1953,4.5315,3.1189,2.4988,0.6201,16.1375,4.1400,-0.9152,7061.7217,NA,NA,NA
cs2.exe,35024,0xF9F78E0260,DXGI,0,0,0,Composed: Flip,7067.0051,3.1513,3.0354,0.1159,2.6072,3.5276,3.0727,0.4549,14.9941,4.1820,1.1434,7067.0051,NA,NA,NA
cs2.exe,35024,0xF9F78E0260,DXGI,0,0,0,Composed: Flip,7070.1564,3.5815,3.4413,0.1402,2.9835,3.1388,2.8384,0.3004,16.0248,4.1564,-1.0307,7070.1564,NA,NA,NA
cs2.exe,35024,0xF9F78E0260,DXGI,0,0,0,Composed: Flip,7073.7379,3.4375,3.3051,0.1324,2.6571,2.8281,2.4075,0.4206,16.5997,4.1733,-0.5749,7073.7379,NA,NA,NA
cs2.exe,35024,0xF9F78E0260,DXGI,0,0,0,Composed: Flip,7077.1754,4.3377,4.2038,0.1339,3.5432,3.2927,2.9537,0.3390,17.3355,4.1830,-0.7358,7077.1754,NA,NA,NA
cs2.exe,35024,0xF9F78E0260,DXGI,0,0,0,Composed: Flip,7081.5131,2.9478,2.8182,0.1296,2.4982,2.7684,2.3515,0.4169,NA,NA,NA,NA,NA,NA,NA
cs2.exe,35024,0xF9F78E0260,DXGI,0,0,0,Composed: Flip,7084.4609,2.6703,2.5678,0.1025,2.3188,2.9975,2.8079,0.1896,14.2330,4.1395,3.1025,7084.4609,NA,NA,NA
cs2.exe,35024,0xF9F78E0260,DXGI,0,0,0,Composed: Flip,7087.1312,3.1235,3.0301,0.0934,2.6460,3.6967,3.3609,0.3358,15.7022,4.1647,-1.4692,7087.1312,NA,NA,NA
cs2.exe,35024,0xF9F78E0260,DXGI,0,0,0,Composed: Flip,7090.2547,6.5751,6.4398,0.1353,5.5123,3.3781,2.5802,0.7979,16.7434,4.1726,-1.0412,7090.2547,NA,NA,NA
cs2.exe,35024,0xF9F78E0260,DXGI,0,0,0,Composed: Flip,7096.8298,2.9041,2.7751,0.1290,2.3153,2.9658,2.7888,0.1770,14.3409,4.1934,2.4025,7096.8298,NA,NA,NA
cs2.exe,35024,0xF9F78E0260,DXGI,0,0,0,Composed: Flip,7099.7339,3.0683,2.9751,0.0932,2.4242,3.3070,2.8314,0.4756,15.6302,4.2488,-1.2893,7099.7339,NA,NA,NA
cs2.exe,35024,0xF9F78E0260,DXGI,0,0,0,Composed: Flip,7102.8022,2.8246,2.7427,0.0819,2.6629,2.7088,2.6699,0.0389,NA,NA,NA,NA,NA,NA,NA
cs2.exe,35024,0xF9F78E0260,DXGI,0,0,0,Composed: Flip,7105.6268,2.7377,2.6334,0.1043,2.5471,2.6044,2.4202,0.1842,13.9861,4.0590,1.6441,7105.6268,NA,NA,NA
cs2.exe,35024,0xF9F78E0260,DXGI,0,0,0,Composed: Flip,7108.3645,4.3688,4.2698,0.0990,3.7394,3.0664,2.5682,0.4982,15.3074,4.1598,-1.3213,7108.3645,NA,NA,NA
cs2.exe,35024,0xF9F78E0260,DXGI,0,0,0,Composed: Flip,7112.7333,2.9640,2.8683,0.0957,2.4370,3.1915,2.8305,0.3610,15.0984,4.1668,0.2090,7112.7333,NA,NA,NA
cs2.exe,35024,0xF9F78E0260,DXGI,0,0,0,Composed: Flip,7115.6973,2.8047,2.2546,0.5501,2.6645,2.6712,2.6712,0.0000,NA,NA,NA,NA,NA,NA,NA
cs2.exe,35024,0xF9F78E0260,DXGI,0,0,0,Composed: Flip,7118.5020,2.6458,1.9601,0.6857,2.5310,2.2763,2.2763,0.0000,13.4965,4.1708,1.6019,7118.5020,NA,NA,NA
cs2.exe,35024,0xF9F78E0260,DXGI,0,0,0,Composed: Flip,7121.1478,2.2909,1.4963,0.7946,2.1615,3.0650,3.0650,0.0000,15.0215,4.1673,-1.5250,7121.1478,NA,NA,NA
cs2.exe,35024,0xF9F78E0260,DXGI,0,0,0,Composed: Flip,7123.4387,3.1123,3.0310,0.0813,2.9356,2.3226,2.3027,0.0199,NA,NA,NA,NA,NA,NA,NA
cs2.exe,35024,0xF9F78E0260,DXGI,0,0,0,Composed: Flip,7126.5510,2.6373,2.5375,0.0998,2.1459,2.9579,2.4297,0.5282,13.7856,4.1793,1.2359,7126.5510,NA,NA,NA
cs2.exe,35024,0xF9F78E0260,DXGI,0,0,0,Composed: Flip,7129.1883,2.5641,2.3945,0.1696,2.4665,2.7037,2.7037,0.0000,15.3276,4.1780,-1.5420,7129.1883,NA,NA,NA
cs2.exe,35024,0xF9F78E0260,DXGI,0,0,0,Composed: Flip,7131.7524,2.7454,2.3916,0.3538,2.6061,3.0970,2.6793,0.4177,NA,NA,NA,NA,NA,NA,NA
cs2.exe,35024,0xF9F78E0260,DXGI,0,0,0,Composed: Flip,7134.4978,3.0937,2.1248,0.9689,2.9577,2.5233,2.5233,0.0000,14.1961,4.1590,1.1315,7134.4978,NA,NA,NA
cs2.exe,35024,0xF9F78E0260,DXGI,0,0,0,Composed: Flip,7137.5915,2.5057,2.2220,0.2837,2.3873,2.6626,2.6538,0.0088,15.2614,4.2343,-1.0653,7137.5915,NA,NA,NA
cs2.exe,35024,0xF9F78E0260,DXGI,0,0,0,Composed: Flip,7140.0972,3.5615,3.4589,0.1026,2.8588,3.3532,2.7762,0.5770,NA,NA,NA,NA,NA,NA,NA
cs2.exe,35024,0xF9F78E0260,DXGI,0,0,0,Composed: Flip,7143.6587,2.9686,2.8680,0.1006,2.6505,2.4923,2.4139,0.0784,13.4285,4.1342,1.8329,7143.6587,NA,NA,NA
cs2.exe,35024,0xF9F78E0260,DXGI,0,0,0,Composed: Flip,7146.6273,3.5103,3.3331,0.1772,2.6722,3.1284,2.4902,0.6382,14.5941,4.1371,-1.1656,7146.6273,NA,NA,NA
cs2.exe,35024,0xF9F78E0260,DXGI,0,0,0,Composed: Flip,7150.1376,2.4381,2.3626,0.0755,2.2903,3.0534,2.7711,0.2823,15.2209,4.1884,-0.6268,7150.1376,NA,NA,NA
cs2.exe,35024,0xF9F78E0260,DXGI,0,0,0,Composed: Flip,7152.5757,3.0177,2.6381,0.3796,2.9056,2.2865,2.2835,0.0030,16.9712,4.1316,-1.7503,7152.5757,NA,NA,NA
cs2.exe,35024,0xF9F78E0260,DXGI,0,0,0,Composed: Flip,7155.5934,3.9092,3.7804,0.1288,2.8281,3.2319,2.9629,0.2690,NA,NA,NA,NA,NA,NA,NA
cs2.exe,35024,0xF9F78E0260,DXGI,0,0,0,Composed: Flip,7159.5026,2.3108,2.2076,0.1032,2.1508,3.0740,2.9370,0.1370,14.1759,4.1867,2.7953,7159.5026,NA,NA,NA
cs2.exe,35024,0xF9F78E0260,DXGI,0,0,0,Composed: Flip,7161.8134,3.2561,3.1668,0.0893,2.9140,3.1165,2.7817,0.3348,16.0518,4.1730,-1.8759,7161.8134,NA,NA,NA
cs2.exe,35024,0xF9F78E0260,DXGI,0,0,0,Composed: Flip,7165.0695,2.8866,2.1030,0.7836,2.7744,2.2636,2.2636,0.0000,NA,NA,NA,NA,NA,NA,NA
cs2.exe,35024,0xF9F78E0260,DXGI,0,0,0,Composed: Flip,7167.9561,2.3243,1.5948,0.7295,2.1514,2.6950,2.6827,0.0123,14.0821,4.1626,1.9697,7167.9561,NA,NA,NA
cs2.exe,35024,0xF9F78E0260,DXGI,0,0,0,Composed: Flip,7170.2804,3.0445,2.9491,0.0954,2.5394,3.2948,2.8116,0.4832,15.9204,4.2071,-1.8383,7170.2804,NA,NA,NA
cs2.exe,35024,0xF9F78E0260,DXGI,0,0,0,Composed: Flip,7173.3249,2.9822,2.8694,0.1128,2.7897,2.4845,2.3457,0.1388,NA,NA,NA,NA,NA,NA,NA
cs2.exe,35024,0xF9F78E0260,DXGI,0,0,0,Composed: Flip,7176.3071,2.8232,2.7389,0.0843,2.4165,3.1941,2.5958,0.5983,14.1008,4.1544,1.8196,7176.3071,NA,NA,NA
cs2.exe,35024,0xF9F78E0260,DXGI,0,0,0,Composed: Flip,7179.1303,2.9006,2.7615,0.1391,2.7874,2.9125,2.9125,0.0000,15.4320,4.1705,-1.3312,7179.1303,NA,NA,NA
cs2.exe,35024,0xF9F78E0260,DXGI,0,0,0,Composed: Flip,7182.0309,2.9600,2.2712,0.6888,2.7993,2.2753,2.2584,0.0169,16.7019,4.1305,-1.2699,7182.0309,NA,NA,NA
cs2.exe,35024,0xF9F78E0260,DXGI,0,0,0,Composed: Flip,7184.9909,4.0252,3.8974,0.1278,3.2526,2.9031,2.5170,0.3861,17.8724,4.1668,-1.1705,7184.9909,NA,NA,NA
cs2.exe,35024,0xF9F78E0260,DXGI,0,0,0,Composed: Flip,7189.0161,4.0852,3.9689,0.1163,3.3226,3.8084,2.7994,1.0090,18.0140,4.1698,-0.1416,7189.0161,NA,NA,NA
cs2.exe,35024,0xF9F78E0260,DXGI,0,0,0,Composed: Flip,7193.1013,4.5267,4.3750,0.1517,3.5639,3.9153,3.0359,0.8794,18.0986,4.1589,-0.0846,7193.1013,NA,NA,NA
cs2.exe,35024,0xF9F78E0260,DXGI,0,0,0,Composed: Flip,7197.6280,3.6413,3.5140,0.1273,2.9525,3.4078,2.8873,0.5205,17.7308,4.1637,0.3678,7197.6280,NA,NA,NA
cs2.exe,35024,0xF9F78E0260,DXGI,0,0,0,Composed: Flip,7201.2693,4.5389,4.4136,0.1253,3.8253,3.7554,2.8830,0.8724,NA,NA,NA,NA,NA,NA,NA
cs2.exe,35024,0xF9F78E0260,DXGI,0,0,0,Composed: Flip,7205.8082,3.1832,2.6145,0.5687,3.0418,2.2640,2.2560,0.0080,13.7143,4.1846,4.0165,7205.8082,NA,NA,NA
cs2.exe,35024,0xF9F78E0260,DXGI,0,0,0,Composed: Flip,7208.9914,2.7763,2.6347,0.1416,2.3654,3.0984,2.8009,0.2975,14.7157,4.1689,-1.0014,7208.9914,NA,NA,NA
cs2.exe,35024,0xF9F78E0260,DXGI,0,0,0,Composed: Flip,7211.7677,3.4304,3.2993,0.1311,2.7858,3.7758,2.8573,0.9185,16.1083,4.1655,-1.3926,7211.7677,NA,NA,NA
cs2.exe,35024,0xF9F78E0260,DXGI,0,0,0,Composed: Flip,7215.1981,3.3102,2.8070,0.5032,3.1312,2.7169,2.6602,0.0567,16.8434,4.1706,-0.7351,7215.1981,NA,NA,NA
cs2.exe,35024,0xF9F78E0260,DXGI,0,0,0,Composed: Flip,7218.5083,5.0493,4.9460,0.1033,4.2931,4.1987,3.3354,0.8633,17.7038,4.1579,-0.8604,7218.5083,NA,NA,NA
cs2.exe,35024,0xF9F78E0260,DXGI,0,0,0,Composed: Flip,7223.5576,3.9505,3.7700,0.1805,3.4425,3.3731,2.7939,0.5792,16.8124,4.2389,0.8914,7223.5576,NA,NA,NA
cs2.exe,35024,0xF9F78E0260,DXGI,0,0,0,Composed: Flip,7227.5081,3.7396,3.5976,0.1420,2.8979,3.8368,2.8809,0.9559,17.1008,4.1033,-0.2884,7227.5081,NA,NA,NA
cs2.exe,35024,0xF9F78E0260,DXGI,0,0,0,Composed: Flip,7231.2477,3.7135,3.5923,0.1212,2.9951,3.4120,2.6059,0.8061,17.4645,4.1685,-0.3637,7231.2477,NA,NA,NA
cs2.exe,35024,0xF9F78E0260,DXGI,0,0,0,Composed: Flip,7234.9612,7.1845,7.0301,0.1544,6.3388,3.6972,2.7653,0.9319,17.9195,4.1706,-0.4550,7234.9612,NA,19.5324,NA
cs2.exe,35024,0xF9F78E0260,DXGI,0,0,0,Composed: Flip,7242.1457,3.7832,3.4565,0.3267,2.8515,4.0827,2.5361,1.5466,14.9056,8.3284,3.0139,7242.1457,NA,13.7023,NA
cs2.exe,35024,0xF9F78E0260,DXGI,0,0,0,Composed: Flip,7245.9289,5.0508,4.8197,0.2311,4.5163,3.5940,2.8045,0.7895,19.4508,4.1589,-4.5452,7245.9289,NA,16.0201,NA
cs2.exe,35024,0xF9F78E0260,DXGI,0,0,0,Composed: Flip,7250.9797,5.8695,5.7182,0.1513,4.9925,4.3718,3.4686,0.9032,18.5589,4.1709,0.8919,7250.9797,NA,16.1966,NA
cs2.exe,35024,0xF9F78E0260,DXGI,0,0,0,Composed: Flip,7256.8492,4.1381,4.0129,0.1252,3.4948,3.7179,2.8081,0.9098,16.8603,4.1908,1.6986,7256.8492,NA,14.3691,NA
cs2.exe,35024,0xF9F78E0260,DXGI,0,0,0,Composed: Flip,7260.9873,3.7082,3.5726,0.1356,3.0746,3.4235,2.7791,0.6444,16.9130,4.1504,-0.0527,7260.9873,NA,NA,NA
cs2.exe,35024,0xF9F78E0260,DXGI,0,0,0,Composed: Flip,7264.6955,5.0941,4.7292,0.3649,4.0221,3.8246,2.9047,0.9199,17.3552,4.1617,-0.4422,7264.6955,NA,15.6958,NA
cs2.exe,35024,0xF9F78E0260,DXGI,0,0,0,Composed: Flip,7269.7896,3.5905,3.4271,0.1634,2.7526,3.8228,2.8914,0.9314,16.4228,4.1699,0.9324,7269.7896,NA,NA,NA
cs2.exe,35024,0xF9F78E0260,DXGI,0,0,0,Composed: Flip,7273.3801,3.4762,3.3515,0.1247,2.9849,3.0930,2.7025,0.3905,17.0022,4.2100,-0.5794,7273.3801,NA,NA,NA
cs2.exe,35024,0xF9F78E0260,DXGI,0,0,0,Composed: Flip,7276.8563,3.8689,3.7526,0.1163,3.1599,3.4098,2.8282,0.5816,17.7360,4.1512,-0.7338,7276.8563,NA,15.2405,NA
cs2.exe,35024,0xF9F78E0260,DXGI,0,0,0,Composed: Flip,7280.7252,6.3119,6.1329,0.1790,5.3771,3.9532,3.0609,0.8923,18.0183,4.1434,-0.2823,7280.7252,NA,13.3712,NA
cs2.exe,35024,0xF9F78E0260,DXGI,0,0,0,Composed: Flip,7287.0371,5.1853,5.0319,0.1534,4.1892,3.8330,3.0497,0.7833,15.8498,4.1840,2.1685,7287.0371,NA,NA,NA
cs2.exe,35024,0xF9F78E0260,DXGI,0,0,0,Composed: Flip,7292.2224,4.5916,4.4271,0.1645,3.6751,3.4517,2.5989,0.8528,14.8485,4.1742,1.0013,7292.2224,NA,NA,NA
cs2.exe,35024,0xF9F78E0260,DXGI,0,0,0,Composed: Flip,7296.8140,5.8013,5.6480,0.1533,4.9791,3.6134,2.5713,1.0421,14.4311,4.1564,0.4174,7296.8140,NA,10.8929,NA
cs2.exe,35024,0xF9F78E0260,DXGI,0,0,0,Composed: Flip,7302.6153,4.3581,4.2217,0.1364,3.5191,3.4528,2.5505,0.9023,12.7862,4.1529,1.6449,7302.6153,NA,NA,NA
cs2.exe,35024,0xF9F78E0260,DXGI,0,0,0,Composed: Flip,7306.9734,4.3511,4.2052,0.1459,3.4017,3.2467,2.5988,0.6479,12.5810,4.1755,0.2052,7306.9734,NA,NA,NA
cs2.exe,35024,0xF9F78E0260,DXGI,0,0,0,Composed: Flip,7311.3245,5.9304,5.7716,0.1588,5.0654,3.3843,2.5428,0.8415,12.4054,8.3218,0.1756,7311.3245,NA,NA,NA
cs2.exe,35024,0xF9F78E0260,DXGI,0,0,0,Composed: Flip,7317.2549,4.0115,3.8545,0.1570,3.3124,3.8579,2.7133,1.1446,14.7968,4.1825,-2.3914,7317.2549,NA,NA,NA
cs2.exe,35024,0xF9F78E0260,DXGI,0,0,0,Composed: Flip,7321.2664,3.5005,3.3599,0.1406,3.1588,3.2188,3.2188,0.0000,14.9678,4.1831,-0.1710,7321.2664,NA,NA,NA
cs2.exe,35024,0xF9F78E0260,DXGI,0,0,0,Composed: Flip,7324.7669,3.4676,3.3374,0.1302,2.8771,3.4341,2.8332,0.6009,15.6504,4.1633,-0.6826,7324.7669,NA,NA,NA
cs2.exe,35024,0xF9F78E0260,DXGI,0,0,0,Composed: Flip,7328.2345,5.5349,5.3998,0.1351,4.5890,3.6302,2.6264,1.0038,16.3461,4.1615,-0.6957,7328.2345,NA,NA,NA
cs2.exe,35024,0xF9F78E0260,DXGI,0,0,0,Composed: Flip,7333.7694,4.1648,4.0258,0.1390,3.1050,3.5308,2.6605,0.8703,14.9727,4.1607,1.3734,7333.7694,NA,NA,NA
cs2.exe,35024,0xF9F78E0260,DXGI,0,0,0,Composed: Flip,7337.9342,4.5297,4.4164,0.1133,3.8798,3.3437,2.5680,0.7757,14.9686,4.1667,0.0041,7337.9342,NA,NA,NA
cs2.exe,35024,0xF9F78E0260,DXGI,0,0,0,Composed: Flip,7342.4639,5.7085,5.5647,0.1438,4.7123,3.8301,2.6445,1.1856,14.6056,4.1695,0.3630,7342.4639,NA,NA,NA
cs2.exe,35024,0xF9F78E0260,DXGI,0,0,0,Composed: Flip,7348.1724,3.5167,3.3908,0.1259,2.8339,3.4942,2.8440,0.6502,13.0666,4.1754,1.5390,7348.1724,NA,NA,NA
cs2.exe,35024,0xF9F78E0260,DXGI,0,0,0,Composed: Flip,7351.6891,3.4091,3.2884,0.1207,2.8114,3.9432,3.4279,0.5153,13.7253,4.1885,-0.6587,7351.6891,NA,NA,NA
cs2.exe,35024,0xF9F78E0260,DXGI,0,0,0,Composed: Flip,7355.0982,3.5215,3.3988,0.1227,3.3455,3.2682,3.0753,0.1929,14.5047,8.2978,-0.7794,7355.0982,NA,NA,NA
cs2.exe,35024,0xF9F78E0260,DXGI,0,0,0,Composed: Flip,7358.6197,5.2916,5.1623,0.1293,4.3844,3.3897,2.6548,0.7349,NA,NA,NA,NA,NA,NA,NA
cs2.exe,35024,0xF9F78E0260,DXGI,0,0,0,Composed: Flip,7363.9113,3.0399,2.9201,0.1198,2.4825,3.3383,2.8474,0.4909,13.9894,4.1660,0.5153,7363.9113,NA,NA,NA
cs2.exe,35024,0xF9F78E0260,DXGI,0,0,0,Composed: Flip,7366.9512,3.7800,3.6613,0.1187,2.8667,3.5411,2.6514,0.8897,15.1155,4.1632,-1.1261,7366.9512,NA,NA,NA
cs2.exe,35024,0xF9F78E0260,DXGI,0,0,0,Composed: Flip,7370.7312,2.9730,2.8761,0.0969,2.6278,3.2209,2.7927,0.4282,15.4987,4.2457,-0.3832,7370.7312,NA,NA,NA
cs2.exe,35024,0xF9F78E0260,DXGI,0,0,0,Composed: Flip,7373.7042,5.1876,5.0480,0.1396,4.1641,3.9011,3.0632,0.8379,16.7714,4.1107,-1.2727,7373.7042,NA,NA,NA
cs2.exe,35024,0xF9F78E0260,DXGI,0,0,0,Composed: Flip,7378.8918,3.4256,3.3083,0.1173,2.8776,3.5686,2.8535,0.7151,15.6945,4.1496,1.0769,7378.8918,NA,NA,NA
cs2.exe,35024,0xF9F78E0260,DXGI,0,0,0,Composed: Flip,7382.3174,3.5083,3.3974,0.1109,3.0206,3.5471,2.8602,0.6869,16.4185,4.1715,-0.7240,7382.3174,NA,NA,NA
cs2.exe,35024,0xF9F78E0260,DXGI,0,0,0,Composed: Flip,7385.8257,3.1982,3.0371,0.1611,3.0594,3.3492,3.2148,0.1344,17.0817,4.1772,-0.6632,7385.8257,NA,NA,NA
cs2.exe,35024,0xF9F78E0260,DXGI,0,0,0,Composed: Flip,7389.0239,5.6724,5.5284,0.1440,4.8931,4.0194,2.9393,1.0801,18.0607,4.1609,-0.9790,7389.0239,NA,NA,NA
cs2.exe,35024,0xF9F78E0260,DXGI,0,0,0,Composed: Flip,7394.6963,3.8740,3.7335,0.1405,3.2401,3.6940,2.8387,0.8553,16.5492,4.1652,1.5115,7394.6963,NA,NA,NA
cs2.exe,35024,0xF9F78E0260,DXGI,0,0,0,Composed: Flip,7398.5703,3.4213,3.3042,0.1171,3.0601,3.0869,2.8081,0.2788,16.8404,4.1965,-0.2912,7398.5703,NA,NA,NA
cs2.exe,35024,0xF9F78E0260,DXGI,0,0,0,Composed: Flip,7401.9916,3.5243,3.3900,0.1343,2.7257,3.2071,2.4441,0.7630,17.6156,4.1523,-0.7752,7401.9916,NA,NA,NA
cs2.exe,35024,0xF9F78E0260,DXGI,0,0,0,Composed: Flip,7405.5159,6.4525,6.2751,0.1774,5.3325,4.1631,3.1627,1.0004,18.2436,4.1426,-0.6280,7405.5159,NA,NA,NA
cs2.exe,35024,0xF9F78E0260,DXGI,0,0,0,Composed: Flip,7411.9684,3.9000,3.7681,0.1319,3.0431,3.8651,3.0354,0.8297,15.9337,4.1721,2.3099,7411.9684,NA,NA,NA
cs2.exe,35024,0xF9F78E0260,DXGI,0,0,0,Composed: Flip,7415.8684,3.4721,3.3554,0.1167,3.0082,3.1259,2.8158,0.3101,16.2058,4.1671,-0.2721,7415.8684,NA,NA,NA
cs2.exe,35024,0xF9F78E0260,DXGI,0,0,0,Composed: Flip,7419.3405,5.0219,4.8825,0.1394,4.2323,4.1787,3.4229,0.7558,16.9008,4.1725,-0.6950,7419.3405,NA,NA,NA
cs2.exe,35024,0xF9F78E0260,DXGI,0,0,0,Composed: Flip,7424.3624,4.1006,3.9649,0.1357,3.3891,3.8492,2.9656,0.8836,16.0514,4.1827,0.8494,7424.3624,NA,NA,NA
cs2.exe,35024,0xF9F78E0260,DXGI,0,0,0,Composed: Flip,7428.4630,3.4889,3.3703,0.1186,3.1377,3.3376,2.8138,0.5238,16.1335,4.1676,-0.0821,7428.4630,NA,NA,NA
cs2.exe,35024,0xF9F78E0260,DXGI,0,0,0,Composed: Flip,7431.9519,3.9901,3.8482,0.1419,4.1628,2.9942,2.9878,0.0064,16.8122,4.1572,-0.6787,7431.9519,NA,NA,NA
cs2.exe,35024,0xF9F78E0260,DXGI,0,0,0,Composed: Flip,7435.9420,5.9265,5.7683,0.1582,5.1726,3.6960,2.6740,1.0220,16.9793,4.1679,-0.1671,7435.9420,NA,NA,NA
cs2.exe,35024,0xF9F78E0260,DXGI,0,0,0,Composed: Flip,7441.8685,3.9726,3.8389,0.1337,3.1474,3.8908,3.0088,0.8820,15.2207,4.1677,1.7586,7441.8685,NA,NA,NA
cs2.exe,35024,0xF9F78E0260,DXGI,0,0,0,Composed: Flip,7445.8411,3.8144,3.6858,0.1286,3.7391,2.8938,2.8863,0.0075,15.4158,4.2012,-0.1951,7445.8411,NA,NA,NA
cs2.exe,35024,0xF9F78E0260,DXGI,0,0,0,Composed: Flip,7449.6555,3.8750,3.7570,0.1180,3.0456,3.6296,3.0726,0.5570,15.8026,4.1517,-0.3868,7449.6555,NA,NA,NA
cs2.exe,35024,0xF9F78E0260,DXGI,0,0,0,Composed: Flip,7453.5305,6.3538,6.1965,0.1573,5.2455,3.6361,2.5987,1.0374,16.0793,8.3284,-0.2767,7453.5305,NA,NA,NA
cs2.exe,35024,0xF9F78E0260,DXGI,0,0,0,Composed: Flip,7459.8843,3.7825,3.6436,0.1389,2.8243,3.5522,2.5018,1.0504,18.0539,4.1677,-1.9746,7459.8843,NA,NA,NA
cs2.exe,35024,0xF9F78E0260,DXGI,0,0,0,Composed: Flip,7463.6668,3.8956,3.7152,0.1804,2.9898,3.4641,2.6760,0.7881,18.4391,4.1645,-0.3852,7463.6668,NA,NA,NA
cs2.exe,35024,0xF9F78E0260,DXGI,0,0,0,Composed: Flip,7467.5624,5.7662,5.5855,0.1807,4.7798,4.2849,3.2194,1.0655,18.7080,4.1637,-0.2689,7467.5624,NA,NA,NA
cs2.exe,35024,0xF9F78E0260,DXGI,0,0,0,Composed: Flip,7473.3286,3.5838,3.4346,0.1492,3.2985,3.0328,2.8095,0.2233,17.1055,4.1708,1.6025,7473.3286,NA,NA,NA
cs2.exe,35024,0xF9F78E0260,DXGI,0,0,0,Composed: Flip,7476.9124,3.5623,3.4228,0.1395,2.7475,3.2912,2.4605,0.8307,17.6925,4.1461,-0.5870,7476.9124,NA,NA,NA
cs2.exe,35024,0xF9F78E0260,DXGI,0,0,0,Composed: Flip,7480.4747,3.8395,3.7026,0.1369,2.9899,3.4067,2.6419,0.7648,18.2763,4.1816,-0.5838,7480.4747,NA,NA,NA
cs2.exe,35024,0xF9F78E0260,DXGI,0,0,0,Composed: Flip,7484.3142,5.2327,5.1002,0.1325,4.4763,4.0886,3.3287,0.7599,18.6184,4.1777,-0.3421,7484.3142,NA,NA,NA
cs2.exe,35024,0xF9F78E0260,DXGI,0,0,0,Composed: Flip,7489.5469,3.6196,3.4779,0.1417,3.3322,2.6260,2.6212,0.0048,17.5634,4.1637,1.0550,7489.5469,NA,NA,NA
cs2.exe,35024,0xF9F78E0260,DXGI,0,0,0,Composed: Flip,7493.1665,3.3645,3.2324,0.1321,2.4722,3.5286,2.7153,0.8133,NA,NA,NA,NA,NA,NA,NA
cs2.exe,35024,0xF9F78E0260,DXGI,0,0,0,Composed: Flip,7496.5310,3.7673,3.6217,0.1456,2.8114,3.4512,2.5709,0.8803,14.7430,4.1599,2.8204,7496.5310,NA,NA,NA
cs2.exe,35024,0xF9F78E0260,DXGI,0,0,0,Composed: Flip,7500.2983,5.6838,5.5242,0.1596,4.5914,3.5004,2.6298,0.8706,15.1356,4.1609,-0.3926,7500.2983,NA,NA,NA
cs2.exe,35024,0xF9F78E0260,DXGI,0,0,0,Composed: Flip,7505.9821,3.2820,3.1471,0.1349,2.4080,3.7218,2.9153,0.8065,13.6127,4.2082,1.5229,7505.9821,NA,NA,NA
cs2.exe,35024,0xF9F78E0260,DXGI,0,0,0,Composed: Flip,7509.2641,3.3665,3.2354,0.1311,2.8478,3.5529,2.9523,0.6006,14.5389,4.1323,-0.9262,7509.2641,NA,NA,NA
cs2.exe,35024,0xF9F78E0260,DXGI,0,0,0,Composed: Flip,7512.6306,5.5311,5.3735,0.1576,4.5943,3.4881,2.6139,0.8742,15.3047,4.2523,-0.7658,7512.6306,NA,NA,NA
cs2.exe,35024,0xF9F78E0260,DXGI,0,0,0,Composed: Flip,7518.1617,3.4035,3.2860,0.1175,3.4077,2.8546,2.8546,0.0000,14.0259,4.0939,1.2788,7518.1617,NA,NA,NA
cs2.exe,35024,0xF9F78E0260,DXGI,0,0,0,Composed: Flip,7521.5652,3.4189,3.3034,0.1155,2.8588,3.7828,2.9886,0.7942,14.7163,4.1508,-0.6904,7521.5652,NA,NA,NA
cs2.exe,35024,0xF9F78E0260,DXGI,0,0,0,Composed: Flip,7524.9841,4.4199,4.2672,0.1527,3.3500,3.8332,2.9623,0.8709,15.4482,4.1716,-0.7319,7524.9841,NA,NA,NA
cs2.exe,35024,0xF9F78E0260,DXGI,0,0,0,Composed: Flip,7529.4040,5.7686,5.6086,0.1600,4.7227,3.5558,2.6087,0.9471,15.1999,4.1718,0.2483,7529.4040,NA,NA,NA
cs2.exe,35024,0xF9F78E0260,DXGI,0,0,0,Composed: Flip,7535.1726,5.2552,5.0966,0.1586,4.2046,3.5512,2.6107,0.9405,13.6031,4.1554,1.5968,7535.1726,NA,NA,NA
cs2.exe,35024,0xF9F78E0260,DXGI,0,0,0,Composed: Flip,7540.4278,3.3432,3.2038,0.1394,2.5006,3.8167,2.9168,0.8999,12.5033,4.1779,1.0998,7540.4278,NA,NA,NA
cs2.exe,35024,0xF9F78E0260,DXGI,0,0,0,Composed: Flip,7543.7710,5.9428,5.7939,0.1489,4.8912,3.6757,2.7023,0.9734,13.3380,8.3637,-0.8347,7543.7710,NA,NA,NA
cs2.exe,35024,0xF9F78E0260,DXGI,0,0,0,Composed: Flip,7549.7138,3.6020,3.4750,0.1270,2.7450,8.4924,2.8809,5.6115,15.7589,8.2966,-2.4209,7549.7138,NA,NA,NA
cs2.exe,35024,0xF9F78E0260,DXGI,0,0,0,Composed: Flip,7553.3158,8.2645,3.4105,4.8540,8.1211,4.5456,2.9729,1.5727,20.4535,4.1799,-4.6946,7553.3158,NA,NA,NA
cs2.exe,35024,0xF9F78E0260,DXGI,0,0,0,Composed: Flip,7561.5803,4.6189,1.7385,2.8804,4.4022,2.8352,2.8352,0.0000,16.3689,4.1647,4.0846,7561.5803,NA,NA,NA
cs2.exe,35024,0xF9F78E0260,DXGI,0,0,0,Composed: Flip,7566.1992,3.0833,2.9618,0.1215,2.6185,3.3380,2.8429,0.4951,15.9147,4.2004,0.4542,7566.1992,NA,NA,NA
cs2.exe,35024,0xF9F78E0260,DXGI,0,0,0,Composed: Flip,7569.2825,4.2075,4.0835,0.1240,3.3504,3.7116,2.9177,0.7939,17.0318,4.1252,-1.1171,7569.2825,NA,NA,NA
cs2.exe,35024,0xF9F78E0260,DXGI,0,0,0,Composed: Flip,7573.4900,3.5081,3.3913,0.1168,2.8545,4.1797,2.6071,1.5726,16.9495,4.1801,0.0823,7573.4900,NA,NA,NA
cs2.exe,35024,0xF9F78E0260,DXGI,0,0,0,Composed: Flip,7576.9981,5.5448,5.4204,0.1244,4.7018,3.9898,3.0082,0.9816,17.6215,4.1617,-0.6720,7576.9981,NA,NA,NA
cs2.exe,35024,0xF9F78E0260,DXGI,0,0,0,Composed: Flip,7582.5429,3.7400,3.5466,0.1934,3.1468,3.4515,3.0698,0.3817,16.2384,4.1698,1.3831,7582.5429,NA,NA,NA
cs2.exe,35024,0xF9F78E0260,DXGI,0,0,0,Composed: Flip,7586.2829,3.9980,3.8710,0.1270,3.0606,4.5724,3.4968,1.0756,16.6682,4.1582,-0.4298,7586.2829,NA,NA,NA
cs2.exe,35024,0xF9F78E0260,DXGI,0,0,0,Composed: Flip,7590.2809,3.8262,3.6704,0.1558,3.6350,3.7604,2.9870,0.7734,16.8284,4.1774,-0.1602,7590.2809,NA,NA,NA
cs2.exe,35024,0xF9F78E0260,DXGI,0,0,0,Composed: Flip,7594.1071,6.3211,6.1490,0.1721,5.4711,3.7430,2.6234,1.1196,17.1796,4.1716,-0.3512,7594.1071,NA,NA,NA
cs2.exe,35024,0xF9F78E0260,DXGI,0,0,0,Composed: Flip,7600.4282,4.1816,4.0510,0.1306,3.1976,3.7634,2.5921,1.1713,15.0301,4.1568,2.1495,7600.4282,NA,NA,NA
cs2.exe,35024,0xF9F78E0260,DXGI,0,0,0,Composed: Flip,7604.6098,3.6904,3.5628,0.1276,2.9694,3.9335,2.9431,0.9904,15.0053,4.1627,0.0248,7604.6098,NA,NA,NA
cs2.exe,35024,0xF9F78E0260,DXGI,0,0,0,Composed: Flip,7608.3002,6.2372,5.9695,0.2677,5.3398,4.0125,2.9812,1.0313,15.4776,8.3714,-0.4723,7608.3002,NA,NA,NA
cs2.exe,35024,0xF9F78E0260,DXGI,0,0,0,Composed: Flip,7614.5374,3.7589,3.5875,0.1714,3.7140,2.3913,2.3856,0.0057,17.6118,4.1304,-2.1342,7614.5374,NA,328.7844,NA
cs2.exe,35024,0xF9F78E0260,DXGI,0,0,0,Composed: Flip,7618.2963,3.6747,3.5462,0.1285,2.6868,3.4643,2.9055,0.5588,17.9833,4.1750,-0.3715,7618.2963,NA,NA,NA
cs2.exe,35024,0xF9F78E0260,DXGI,0,0,0,Composed: Flip,7621.9710,5.5633,5.3595,0.2038,4.1364,4.0686,3.0818,0.9868,18.4836,4.1894,-0.5003,7621.9710,NA,NA,NA
cs2.exe,35024,0xF9F78E0260,DXGI,0,0,0,Composed: Flip,7627.5343,3.9473,3.6567,0.2906,2.8184,3.8822,2.9559,0.9263,17.1097,4.1331,1.3739,7627.5343,NA,NA,NA
cs2.exe,35024,0xF9F78E0260,DXGI,0,0,0,Composed: Flip,7631.4816,4.0606,3.9340,0.1266,3.1242,3.7344,2.8734,0.8610,17.2955,4.1760,-0.1858,7631.4816,NA,17.4171,17.4171
cs2.exe,35024,0xF9F78E0260,DXGI,0,0,0,Composed: Flip,7635.5422,4.5228,4.3660,0.1568,3.6039,5.2941,4.3673,0.9268,17.4109,4.1754,-0.1154,7635.5422,NA,NA,NA
cs2.exe,35024,0xF9F78E0260,DXGI,0,0,0,Composed: Flip,7640.0650,4.8943,4.7251,0.1692,5.3658,2.7145,2.7145,0.0000,17.0635,4.1982,0.3474,7640.0650,NA,NA,NA
cs2.exe,35024,0xF9F78E0260,DXGI,0,0,0,Composed: Flip,7644.9593,3.7564,3.6164,0.1400,3.1860,3.1673,2.8480,0.3193,16.3674,4.1102,0.6961,7644.9593,NA,NA,NA
cs2.exe,35024,0xF9F78E0260,DXGI,0,0,0,Composed: Flip,7648.7157,3.6041,3.4860,0.1181,2.7561,3.7262,3.0224,0.7038,16.7212,4.1933,-0.3538,7648.7157,NA,NA,NA
cs2.exe,35024,0xF9F78E0260,DXGI,0,0,0,Composed: Flip,7652.3198,3.5918,3.4701,0.1217,2.8782,4.2407,3.4663,0.7744,17.3104,4.1706,-0.5892,7652.3198,NA,NA,NA
cs2.exe,35024,0xF9F78E0260,DXGI,0,0,0,Composed: Flip,7655.9116,5.6256,5.4778,0.1478,4.7965,3.7808,3.0065,0.7743,17.8892,4.1695,-0.5788,7655.9116,NA,NA,NA
cs2.exe,35024,0xF9F78E0260,DXGI,0,0,0,Composed: Flip,7661.5372,7.3586,4.0024,3.3562,3.1279,7.0442,7.0442,0.0000,16.4331,4.1637,1.4561,7661.5372,NA,NA,NA
cs2.exe,35024,0xF9F78E0260,DXGI,0,0,0,Composed: Flip,7668.8958,3.0212,1.8336,1.1876,2.8135,2.8004,2.7962,0.0042,13.2382,4.1598,3.1949,7668.8958,NA,NA,NA
cs2.exe,35024,0xF9F78E0260,DXGI,0,0,0,Composed: Flip,7671.9170,4.7518,4.5437,0.2081,3.8233,3.7021,2.7195,0.9826,14.3768,4.1676,-1.1386,7671.9170,NA,NA,NA
cs2.exe,35024,0xF9F78E0260,DXGI,0,0,0,Composed: Flip,7676.6688,4.5068,4.3465,0.1603,3.4739,3.6909,2.6811,1.0098,13.7926,4.1747,0.5842,7676.6688,NA,NA,NA
cs2.exe,35024,0xF9F78E0260,DXGI,0,0,0,Composed: Flip,7681.1756,3.6988,3.5670,0.1318,2.8821,3.8747,3.0773,0.7974,13.4605,4.2225,0.3321,7681.1756,NA,NA,NA
cs2.exe,35024,0xF9F78E0260,DXGI,0,0,0,Composed: Flip,7684.8744,6.4176,6.2519,0.1657,5.4971,3.8040,2.8201,0.9839,13.9842,8.2994,-0.5237,7684.8744,NA,NA,NA
cs2.exe,35024,0xF9F78E0260,DXGI,0,0,0,Composed: Flip,7691.2920,4.2029,4.0581,0.1448,2.8835,3.8508,3.1419,0.7089,15.8660,4.1395,-1.8818,7691.2920,NA,NA,NA
cs2.exe,35024,0xF9F78E0260,DXGI,0,0,0,Composed: Flip,7695.4949,4.2165,4.0787,0.1378,3.1879,3.9612,3.1672,0.7940,15.8026,4.1857,0.0634,7695.4949,NA,16.9274,16.9274
cs2.exe,35024,0xF9F78E0260,DXGI,0,0,0,Composed: Flip,7699.7114,8.6082,7.3652,1.2430,5.9260,4.0602,2.9431,1.1171,15.7718,8.3024,0.0308,7699.7114,NA,NA,NA
cs2.exe,35024,0xF9F78E0260,DXGI,0,0,0,Composed: Flip,7708.3196,4.9963,4.8332,0.1631,4.1068,3.3013,2.8742,0.4271,15.4660,4.1820,0.3058,7708.3196,NA,13.3625,NA
cs2.exe,35024,0xF9F78E0260,DXGI,0,0,0,Composed: Flip,7713.3159,4.6703,4.4588,0.2115,3.9802,3.9343,2.6160,1.3183,14.6517,4.1950,0.8143,7713.3159,NA,NA,NA
cs2.exe,35024,0xF9F78E0260,DXGI,0,0,0,Composed: Flip,7717.9862,4.6519,4.5237,0.1282,3.6781,4.1327,3.1768,0.9559,14.1764,4.1473,0.4753,7717.9862,NA,NA,NA
cs2.exe,35024,0xF9F78E0260,DXGI,0,0,0,Composed: Flip,7722.6381,3.8397,3.7057,0.1340,3.1589,3.3590,2.8434,0.5156,13.6718,4.1828,0.5046,7722.6381,NA,NA,NA
cs2.exe,35024,0xF9F78E0260,DXGI,0,0,0,Composed: Flip,7726.4778,3.0519,2.9096,0.1423,2.6782,3.2257,3.0013,0.2244,14.0149,4.1465,-0.3431,7726.4778,NA,NA,NA
cs2.exe,35024,0xF9F78E0260,DXGI,0,0,0,Composed: Flip,7729.5297,2.9788,2.5956,0.3832,2.8520,2.7425,2.7347,0.0078,15.1095,4.1763,-1.0946,7729.5297,NA,NA,NA
cs2.exe,35024,0xF9F78E0260,DXGI,0,0,0,Composed: Flip,7732.5085,5.0917,4.9169,0.1748,4.2364,3.2916,2.6590,0.6326,16.3070,4.1676,-1.1975,7732.5085,NA,NA,NA
cs2.exe,35024,0xF9F78E0260,DXGI,0,0,0,Composed: Flip,7737.6002,2.9600,2.8475,0.1125,2.4363,3.1554,2.9154,0.2400,15.3829,4.1698,0.9241,7737.6002,NA,NA,NA
cs2.exe,35024,0xF9F78E0260,DXGI,0,0,0,Composed: Flip,7740.5602,3.0900,2.9730,0.1170,2.6317,2.8848,2.7197,0.1651,16.5927,4.1454,-1.2098,7740.5602,NA,NA,NA
cs2.exe,35024,0xF9F78E0260,DXGI,0,0,0,Composed: Flip,7743.6502,3.3202,3.2050,0.1152,2.5107,2.9108,2.5763,0.3345,17.6481,4.2191,-1.0554,7743.6502,NA,NA,NA
cs2.exe,35024,0xF9F78E0260,DXGI,0,0,0,Composed: Flip,7746.9704,4.4987,4.3640,0.1347,3.4851,3.1666,2.5945,0.5721,18.5470,4.1395,-0.8989,7746.9704,NA,NA,NA
cs2.exe,35024,0xF9F78E0260,DXGI,0,0,0,Composed: Flip,7751.4691,2.9984,2.8688,0.1296,2.2781,3.6230,2.7624,0.8606,NA,NA,NA,NA,NA,NA,NA
cs2.exe,35024,0xF9F78E0260,DXGI,0,0,0,Composed: Flip,7754.4675,3.0586,2.8015,0.2571,3.0156,3.3599,3.3599,0.0000,15.1894,4.1566,3.3576,7754.4675,NA,13.3100,NA
cs2.exe,35024,0xF9F78E0260,DXGI,0,0,0,Composed: Flip,7757.5261,3.4674,3.2290,0.2384,3.3169,2.9394,2.8544,0.0850,16.2874,4.1814,-1.0980,7757.5261,NA,13.4660,NA
cs2.exe,35024,0xF9F78E0260,DXGI,0,0,0,Composed: Flip,7760.9935,3.6087,3.5009,0.1078,2.9044,3.5189,2.9458,0.5731,17.0014,4.1595,-0.7140,7760.9935,NA,14.6644,NA
cs2.exe,35024,0xF9F78E0260,DXGI,0,0,0,Composed: Flip,7764.6022,6.1536,5.9826,0.1710,4.9910,4.0212,3.0516,0.9696,17.5522,4.1609,-0.5508,7764.6022,NA,12.8127,NA
cs2.exe,35024,0xF9F78E0260,DXGI,0,0,0,Composed: Flip,7770.7558,5.0630,4.9305,0.1325,4.3368,3.6413,2.7626,0.8787,15.5595,4.1696,1.9927,7770.7558,NA,10.9722,NA
cs2.exe,35024,0xF9F78E0260,DXGI,0,0,0,Composed: Flip,7775.8188,4.0336,3.9327,0.1009,3.2566,3.2918,2.6217,0.6701,14.6661,4.1562,0.8934,7775.8188,NA,11.1344,NA
cs2.exe,35024,0xF9F78E0260,DXGI,0,0,0,Composed: Flip,7779.8524,5.3265,5.1998,0.1267,4.6667,3.3049,2.6445,0.6604,14.7887,4.1818,-0.1226,7779.8524,NA,10.2961,NA
cs2.exe,35024,0xF9F78E0260,DXGI,0,0,0,Composed: Flip,7785.1789,3.5094,3.4150,0.0944,2.9002,3.7439,3.0695,0.6744,13.6440,4.1551,1.1447,7785.1789,NA,11.4879,NA
cs2.exe,35024,0xF9F78E0260,DXGI,0,0,0,Composed: Flip,7788.6883,3.2447,3.1600,0.0847,3.1347,3.0497,2.8470,0.2027,14.2897,4.1835,-0.6457,7788.6883,NA,11.6304,NA
cs2.exe,35024,0xF9F78E0260,DXGI,0,0,0,Composed: Flip,7791.9330,4.2688,4.1533,0.1155,3.6051,3.0933,2.7423,0.3510,15.2285,4.1495,-0.9388,7791.9330,NA,11.8134,NA
cs2.exe,35024,0xF9F78E0260,DXGI,0,0,0,Composed: Flip,7796.2018,5.0939,4.9532,0.1407,4.3132,3.3288,2.5873,0.7415,15.1092,4.1832,0.1193,7796.2018,NA,10.9617,NA
cs2.exe,35024,0xF9F78E0260,DXGI,0,0,0,Composed: Flip,7801.2957,2.7127,2.6334,0.0793,2.5481,3.3027,3.0518,0.2509,14.1985,4.1502,0.9107,7801.2957,NA,12.1625,NA
cs2.exe,35024,0xF9F78E0260,DXGI,0,0,0,Composed: Flip,7804.0084,3.7178,3.5889,0.1289,3.1381,3.1811,2.8938,0.2873,15.6360,4.1935,-1.4375,7804.0084,NA,13.3104,NA
cs2.exe,35024,0xF9F78E0260,DXGI,0,0,0,Composed: Flip,7807.7262,2.8419,2.7490,0.0929,2.6014,2.7743,2.7600,0.0143,16.1117,4.1302,-0.4757,7807.7262,NA,14.5005,NA
cs2.exe,35024,0xF9F78E0260,DXGI,0,0,0,Composed: Flip,7810.5681,4.7782,4.6605,0.1177,4.1570,3.3911,2.9730,0.4181,17.4000,4.1778,-1.2883,7810.5681,NA,13.6294,NA
cs2.exe,35024,0xF9F78E0260,DXGI,0,0,0,Composed: Flip,7815.3463,3.1173,3.0339,0.0834,2.7699,3.1547,2.8324,0.3223,NA,NA,NA,NA,NA,NA,NA
cs2.exe,35024,0xF9F78E0260,DXGI,0,0,0,Composed: Flip,7818.4636,3.0437,2.9730,0.0707,2.8073,2.5546,2.4053,0.1493,13.6823,4.2006,3.7177,7818.4636,NA,11.8036,NA
cs2.exe,35024,0xF9F78E0260,DXGI,0,0,0,Composed: Flip,7821.5073,2.9805,2.8377,0.1428,2.3182,3.6311,2.9712,0.6599,14.8392,4.1307,-1.1569,7821.5073,NA,13.0037,NA
cs2.exe,35024,0xF9F78E0260,DXGI,0,0,0,Composed: Flip,7824.4878,3.0852,2.9812,0.1040,2.9688,2.7623,2.7556,0.0067,15.9894,4.2023,-1.1502,7824.4878,NA,14.1366,NA
cs2.exe,35024,0xF9F78E0260,DXGI,0,0,0,Composed: Flip,7827.5730,4.0295,3.9293,0.1002,3.4184,3.4437,2.9274,0.5163,17.1065,4.1298,-1.1171,7827.5730,NA,14.3479,NA
cs2.exe,35024,0xF9F78E0260,DXGI,0,0,0,Composed: Flip,7831.6025,3.6955,3.5689,0.1266,2.8326,3.2165,2.7342,0.4823,17.2068,4.1733,-0.1003,7831.6025,NA,14.4712,NA
cs2.exe,35024,0xF9F78E0260,DXGI,0,0,0,Composed: Flip,7835.2980,3.0953,2.9869,0.1084,2.3536,3.1911,2.5100,0.6811,NA,NA,NA,NA,NA,NA,NA
cs2.exe,35024,0xF9F78E0260,DXGI,0,0,0,Composed: Flip,7838.3933,3.3613,3.2654,0.0959,2.4494,3.1779,2.6252,0.5527,14.5893,4.1726,2.6175,7838.3933,NA,12.6497,NA
cs2.exe,35024,0xF9F78E0260,DXGI,0,0,0,Composed: Flip,7841.7546,5.0383,4.9314,0.1069,4.3353,3.1464,2.5347,0.6117,15.4006,4.1635,-0.8113,7841.7546,NA,10.8068,NA
cs2.exe,35024,0xF9F78E0260,DXGI,0,0,0,Composed: Flip,7846.7929,3.1956,3.1019,0.0937,2.6222,3.2312,2.8611,0.3701,14.5258,4.1649,0.8748,7846.7929,NA,11.9744,NA
cs2.exe,35024,0xF9F78E0260,DXGI,0,0,0,Composed: Flip,7849.9885,3.1764,2.9091,0.2673,2.6578,2.8912,2.8555,0.0357,15.4951,4.1650,-0.9693,7849.9885,NA,13.1324,NA
cs2.exe,35024,0xF9F78E0260,DXGI,0,0,0,Composed: Flip,7853.1649,2.5297,2.2804,0.2493,2.3726,3.1228,3.1228,0.0000,16.4837,4.1747,-0.9886,7853.1649,NA,15.3129,NA
cs2.exe,35024,0xF9F78E0260,DXGI,0,0,0,Composed: Flip,7855.6946,3.6361,3.5391,0.0970,2.9657,2.8584,2.5114,0.3470,18.1287,4.1654,-1.6450,7855.6946,NA,15.4722,NA
cs2.exe,35024,0xF9F78E0260,DXGI,0,0,0,Composed: Flip,7859.3307,4.4048,4.3189,0.0859,3.7521,3.0758,2.5723,0.5035,NA,NA,NA,NA,NA,NA,NA
cs2.exe,35024,0xF9F78E0260,DXGI,0,0,0,Composed: Flip,7863.7355,2.9238,2.8404,0.0834,2.4231,3.1490,2.4911,0.6579,14.2532,4.1690,3.8755,7863.7355,NA,12.6424,NA
cs2.exe,35024,0xF9F78E0260,DXGI,0,0,0,Composed: Flip,7866.6593,2.8244,2.7346,0.0898,2.6483,2.7100,2.7048,0.0052,15.4984,4.1689,-1.2452,7866.6593,NA,13.8126,NA
cs2.exe,35024,0xF9F78E0260,DXGI,0,0,0,Composed: Flip,7869.4837,3.3439,3.2615,0.0824,2.6984,3.3039,2.8401,0.4638,16.8429,4.1636,-1.3445,7869.4837,NA,13.9804,NA
cs2.exe,35024,0xF9F78E0260,DXGI,0,0,0,Composed: Flip,7872.8276,4.5514,4.4475,0.1039,3.9369,3.2743,2.8386,0.4357,17.6626,4.1716,-0.8197,7872.8276,NA,14.1437,NA
cs2.exe,35024,0xF9F78E0260,DXGI,0,0,0,Composed: Flip,7877.3790,2.8694,2.7816,0.0878,2.6598,2.8634,2.4173,0.4461,NA,NA,NA,NA,NA,NA,NA
cs2.exe,35024,0xF9F78E0260,DXGI,0,0,0,Composed: Flip,7880.2484,2.8350,2.5603,0.2747,2.6538,2.7698,2.6867,0.0831,14.4134,4.1495,3.2492,7880.2484,NA,12.3197,NA
cs2.exe,35024,0xF9F78E0260,DXGI,0,0,0,Composed: Flip,7883.0834,2.8112,2.7221,0.0891,2.5886,2.9261,2.7926,0.1335,15.7279,4.1726,-1.3145,7883.0834,NA,14.4639,NA
cs2.exe,35024,0xF9F78E0260,DXGI,0,0,0,Composed: Flip,7885.8946,2.8087,2.4706,0.3381,2.7035,2.3277,2.3200,0.0077,17.0893,4.1834,-1.3614,7885.8946,NA,15.6470,NA
cs2.exe,35024,0xF9F78E0260,DXGI,0,0,0,Composed: Flip,7888.7033,4.0018,3.9022,0.0996,3.2890,2.8601,2.5523,0.3078,NA,NA,NA,NA,NA,NA,NA
cs2.exe,35024,0xF9F78E0260,DXGI,0,0,0,Composed: Flip,7892.7051,3.1767,3.0959,0.0808,2.3302,2.9907,2.5055,0.4852,14.4622,4.1637,2.6271,7892.7051,NA,12.8280,NA
cs2.exe,35024,0xF9F78E0260,DXGI,0,0,0,Composed: Flip,7895.8818,2.2394,2.0001,0.2393,2.1442,2.7019,2.6986,0.0033,15.4492,4.1664,-0.9870,7895.8818,NA,13.9861,NA
cs2.exe,35024,0xF9F78E0260,DXGI,0,0,0,Composed: Flip,7898.1212,8.4395,8.3116,0.1279,7.7249,2.9445,2.4665,0.4780,17.3762,4.1621,-1.9270,7898.1212,NA,10.1507,NA
cs2.exe,35024,0xF9F78E0260,DXGI,0,0,0,Composed: Flip,7906.5607,4.4840,4.3941,0.0899,3.9016,2.8570,2.4635,0.3935,13.0988,4.1917,4.2774,7906.5607,NA,9.3148,NA
cs2.exe,35024,0xF9F78E0260,DXGI,0,0,0,Composed: Flip,7911.0447,2.3891,2.2738,0.1153,2.2746,2.8351,2.7762,0.0589,12.8065,4.1546,0.2923,7911.0447,NA,11.5029,NA
cs2.exe,35024,0xF9F78E0260,DXGI,0,0,0,Composed: Flip,7913.4338,5.0953,4.9977,0.0976,4.6264,2.7910,2.4651,0.3259,14.5720,4.1595,-1.7655,7913.4338,NA,10.6674,NA
cs2.exe,35024,0xF9F78E0260,DXGI,0,0,0,Composed: Flip,7918.5291,3.5435,3.4576,0.0859,3.1905,3.3529,2.9017,0.4512,13.6362,4.1559,0.9358,7918.5291,NA,NA,NA
cs2.exe,35024,0xF9F78E0260,DXGI,0,0,0,Composed: Flip,7922.0726,3.1375,2.9138,0.2237,2.9999,2.9194,2.8488,0.0706,14.2486,4.2059,-0.6124,7922.0726,NA,11.9791,NA
cs2.exe,35024,0xF9F78E0260,DXGI,0,0,0,Composed: Flip,7925.2101,3.1133,3.0126,0.1007,2.7818,2.7478,2.6399,0.1079,15.3170,4.1358,-1.0684,7925.2101,NA,13.1783,NA
cs2.exe,35024,0xF9F78E0260,DXGI,0,0,0,Composed: Flip,7928.3234,2.5131,1.9321,0.5810,2.4163,2.6693,2.6693,0.0000,NA,NA,NA,NA,NA,NA,NA
cs2.exe,35024,0xF9F78E0260,DXGI,0,0,0,Composed: Flip,7930.8365,2.6847,1.4937,1.1910,2.5725,2.2408,2.2408,0.0000,13.8264,4.1812,1.4906,7930.8365,NA,13.3302,NA
cs2.exe,35024,0xF9F78E0260,DXGI,0,0,0,Composed: Flip,7933.5212,2.2273,1.1864,1.0409,2.1286,2.6570,2.6570,0.0000,NA,NA,NA,NA,NA,NA,NA
cs2.exe,35024,0xF9F78E0260,DXGI,0,0,0,Composed: Flip,7935.7485,2.6581,2.4872,0.1709,2.5583,2.3733,2.3677,0.0056,13.0956,4.1632,0.7308,7935.7485,NA,NA,NA
cs2.exe,35024,0xF9F78E0260,DXGI,0,0,0,Composed: Flip,7938.4066,2.3767,2.1622,0.2145,2.5362,2.6360,2.6360,0.0000,14.6007,4.1739,-1.5051,7938.4066,NA,NA,NA
cs2.exe,35024,0xF9F78E0260,DXGI,0,0,0,Composed: Flip,7940.7833,2.9061,1.7862,1.1199,2.7955,2.6742,2.6742,0.0000,NA,NA,NA,NA,NA,NA,NA
cs2.exe,35024,0xF9F78E0260,DXGI,0,0,0,Composed: Flip,7943.6894,2.7406,0.9883,1.7523,2.5636,2.2322,2.2322,0.0000,13.4918,4.1417,1.1089,7943.6894,NA,NA,NA
cs2.exe,35024,0xF9F78E0260,DXGI,0,0,0,Composed: Flip,7946.4300,2.1533,1.0138,1.1395,2.0552,2.6553,2.6553,0.0000,14.8929,4.1719,-1.4011,7946.4300,NA,NA,NA
cs2.exe,35024,0xF9F78E0260,DXGI,0,0,0,Composed: Flip,7948.5833,2.7610,2.6939,0.0671,2.5572,2.4936,2.3523,0.1413,16.9115,4.1814,-2.0186,7948.5833,NA,NA,NA
cs2.exe,35024,0xF9F78E0260,DXGI,0,0,0,Composed: Flip,7951.3443,3.9669,3.8866,0.0803,3.4702,2.8204,2.4750,0.3454,NA,NA,NA,NA,NA,NA,NA
cs2.exe,35024,0xF9F78E0260,DXGI,0,0,0,Composed: Flip,7955.3112,2.8332,2.7169,0.1163,2.3237,3.4015,3.3276,0.0739,14.3650,4.1980,2.5465,7955.3112,NA,NA,NA
cs2.exe,35024,0xF9F78E0260,DXGI,0,0,0,Composed: Flip,7958.1444,2.9779,1.7212,1.2567,2.8920,2.6987,2.6987,0.0000,15.7298,4.1423,-1.3648,7958.1444,NA,NA,NA
cs2.exe,35024,0xF9F78E0260,DXGI,0,0,0,Composed: Flip,7961.1223,2.7221,1.1444,1.5777,2.6128,2.2794,2.2794,0.0000,NA,NA,NA,NA,NA,NA,NA
cs2.exe,35024,0xF9F78E0260,DXGI,0,0,0,Composed: Flip,7963.8444,2.2579,0.7816,1.4763,2.1701,2.6665,2.6665,0.0000,14.1721,4.1537,1.5577,7963.8444,NA,14.6660,NA
cs2.exe,35024,0xF9F78E0260,DXGI,0,0,0,Composed: Flip,7966.1023,2.6687,0.6821,1.9866,2.5787,2.7351,2.7351,0.0000,NA,NA,NA,NA,NA,NA,NA
cs2.exe,35024,0xF9F78E0260,DXGI,0,0,0,Composed: Flip,7968.7710,2.8879,1.1079,1.7800,2.6451,2.4459,2.4459,0.0000,13.3992,4.1627,0.7729,7968.7710,NA,NA,NA
cs2.exe,35024,0xF9F78E0260,DXGI,0,0,0,Composed: Flip,7971.6589,2.3633,0.8473,1.5160,2.2031,2.5941,2.5941,0.0000,14.6740,4.1663,-1.2748,7971.6589,NA,NA,NA
cs2.exe,35024,0xF9F78E0260,DXGI,0,0,0,Composed: Flip,7974.0222,2.5151,0.9991,1.5160,2.4339,2.4688,2.4688,0.0000,NA,NA,NA,NA,NA,NA,NA
cs2.exe,35024,0xF9F78E0260,DXGI,0,0,0,Composed: Flip,7976.5373,2.4656,0.7505,1.7151,2.3876,2.6520,2.6520,0.0000,13.9619,4.1591,0.7121,7976.5373,NA,NA,NA
cs2.exe,35024,0xF9F78E0260,DXGI,0,0,0,Composed: Flip,7979.0029,2.6738,0.8132,1.8606,2.5740,2.7205,2.7205,0.0000,15.6554,4.1943,-1.6935,7979.0029,NA,NA,NA
cs2.exe,35024,0xF9F78E0260,DXGI,0,0,0,Composed: Flip,7981.6767,2.7073,0.7264,1.9809,2.6207,2.2588,2.2588,0.0000,NA,NA,NA,NA,NA,NA,NA
cs2.exe,35024,0xF9F78E0260,DXGI,0,0,0,Composed: Flip,7984.3840,2.2584,0.7545,1.5039,2.1722,2.6525,2.6525,0.0000,14.4686,4.1456,1.1868,7984.3840,NA,16.5040,16.5040
cs2.exe,35024,0xF9F78E0260,DXGI,0,0,0,Composed: Flip,7986.6424,2.6419,0.7148,1.9271,2.5663,2.9691,2.9691,0.0000,NA,NA,NA,NA,NA,NA,NA
cs2.exe,35024,0xF9F78E0260,DXGI,0,0,0,Composed: Flip,7989.2843,2.9738,0.6816,2.2922,2.8935,2.2494,2.2494,0.0000,13.7139,4.1855,0.7547,7989.2843,NA,NA,NA
cs2.exe,35024,0xF9F78E0260,DXGI,0,0,0,Composed: Flip,7992.2581,2.2430,0.6680,1.5750,2.1691,2.8021,2.8021,0.0000,14.9256,4.1449,-1.2117,7992.2581,NA,NA,NA
cs2.exe,35024,0xF9F78E0260,DXGI,0,0,0,Composed: Flip,7994.5011,2.8683,0.7329,2.1354,2.7282,2.1740,2.1740,0.0000,NA,NA,NA,NA,NA,NA,NA
cs2.exe,35024,0xF9F78E0260,DXGI,0,0,0,Composed: Flip,7997.3694,2.1271,0.8609,1.2662,2.0339,2.7894,2.7894,0.0000,13.9592,4.2937,0.9664,7997.3694,NA,NA,NA
cs2.exe,35024,0xF9F78E0260,DXGI,0,0,0,Composed: Flip,7999.4965,2.7772,1.4538,1.3234,2.6962,2.7091,2.7091,0.0000,NA,NA,NA,NA,NA,NA,NA
cs2.exe,35024,0xF9F78E0260,DXGI,0,0,0,Composed: Flip,8002.2737,2.7069,0.7529,1.9540,2.6281,2.3567,2.3567,0.0000,13.3486,4.0361,0.6106,8002.2737,NA,NA,NA
cs2.exe,35024,0xF9F78E0260,DXGI,0,0,0,Composed: Flip,8004.9806,2.3555,0.6872,1.6683,2.2779,2.6377,2.6377,0.0000,14.6778,4.1887,-1.3292,8004.9806,NA,NA,NA
cs2.exe,35024,0xF9F78E0260,DXGI,0,0,0,Composed: Flip,8007.3361,2.6356,0.7808,1.8548,2.5601,2.6768,2.6768,0.0000,NA,NA,NA,NA,NA,NA,NA
cs2.exe,35024,0xF9F78E0260,DXGI,0,0,0,Composed: Flip,8009.9717,2.6845,0.7132,1.9713,2.6013,2.3078,2.3078,0.0000,13.8754,4.1581,0.8024,8009.9717,NA,NA,NA
cs2.exe,35024,0xF9F78E0260,DXGI,0,0,0,Composed: Flip,8012.6562,2.3028,0.8199,1.4829,2.2246,2.6640,2.6640,0.0000,15.3490,4.1712,-1.4736,8012.6562,NA,NA,NA
cs2.exe,35024,0xF9F78E0260,DXGI,0,0,0,Composed: Flip,8014.9590,2.6620,0.9010,1.7610,2.5858,2.2529,2.2529,0.0000,NA,NA,NA,NA,NA,NA,NA
cs2.exe,35024,0xF9F78E0260,DXGI,0,0,0,Composed: Flip,8017.6210,2.2610,0.7573,1.5037,2.1767,2.6543,2.6543,0.0000,14.5554,4.1657,0.7936,8017.6210,NA,NA,NA
cs2.exe,35024,0xF9F78E0260,DXGI,0,0,0,Composed: Flip,8019.8820,2.6432,0.6400,2.0032,2.5700,3.0073,3.0073,0.0000,NA,NA,NA,NA,NA,NA,NA
cs2.exe,35024,0xF9F78E0260,DXGI,0,0,0,Composed: Flip,8022.5252,3.0099,0.6485,2.3614,2.9341,2.2414,2.2414,0.0000,13.8169,4.1604,0.7385,8022.5252,NA,NA,NA
cs2.exe,35024,0xF9F78E0260,DXGI,0,0,0,Composed: Flip,8025.5351,2.2435,0.7492,1.4943,2.1656,2.6552,2.6552,0.0000,14.9674,4.1784,-1.1505,8025.5351,NA,NA,NA
cs2.exe,35024,0xF9F78E0260,DXGI,0,0,0,Composed: Flip,8027.7786,2.6567,0.7353,1.9214,2.5773,2.2767,2.2767,0.0000,NA,NA,NA,NA,NA,NA,NA
cs2.exe,35024,0xF9F78E0260,DXGI,0,0,0,Composed: Flip,8030.4353,2.2841,0.6325,1.6516,2.1973,2.6874,2.6874,0.0000,14.2456,4.1784,0.7218,8030.4353,NA,NA,NA
cs2.exe,35024,0xF9F78E0260,DXGI,0,0,0,Composed: Flip,8032.7194,2.6755,0.7037,1.9718,2.6006,2.6754,2.6754,0.0000,NA,NA,NA,NA,NA,NA,NA
cs2.exe,35024,0xF9F78E0260,DXGI,0,0,0,Composed: Flip,8035.3949,2.7091,0.7629,1.9462,2.6005,2.2555,2.2555,0.0000,13.4644,4.1461,0.7812,8035.3949,NA,NA,NA
cs2.exe,35024,0xF9F78E0260,DXGI,0,0,0,Composed: Flip,8038.1040,2.2233,0.7684,1.4549,2.1469,2.6934,2.6934,0.0000,14.9014,4.1640,-1.4370,8038.1040,NA,NA,NA
cs2.exe,35024,0xF9F78E0260,DXGI,0,0,0,Composed: Flip,8040.3273,2.6928,0.7272,1.9656,2.6170,2.3017,2.3017,0.0000,NA,NA,NA,NA,NA,NA,NA
cs2.exe,35024,0xF9F78E0260,DXGI,0,0,0,Composed: Flip,8043.0201,2.3142,0.6711,1.6431,2.2259,2.6545,2.6545,0.0000,14.1493,4.1650,0.7521,8043.0201,NA,NA,NA
cs2.exe,35024,0xF9F78E0260,DXGI,0,0,0,Composed: Flip,8045.3343,2.6501,0.7528,1.8973,2.5662,2.6397,2.6397,0.0000,NA,NA,NA,NA,NA,NA,NA
cs2.exe,35024,0xF9F78E0260,DXGI,0,0,0,Composed: Flip,8047.9844,2.6415,0.8405,1.8010,2.5558,2.2146,2.2146,0.0000,13.3500,4.1769,0.7993,8047.9844,NA,NA,NA
cs2.exe,35024,0xF9F78E0260,DXGI,0,0,0,Composed: Flip,8050.6259,2.2044,0.6688,1.5356,2.1289,2.7034,2.7034,0.0000,14.8854,4.1670,-1.5354,8050.6259,NA,NA,NA
cs2.exe,35024,0xF9F78E0260,DXGI,0,0,0,Composed: Flip,8052.8303,2.7141,0.8449,1.8692,2.6279,3.0226,3.0205,0.0021,16.8480,12.5341,-1.9626,8052.8303,NA,17.3276,17.3276
cs2.exe,35024,0xF9F78E0260,DXGI,0,0,0,Composed: Flip,8055.5444,19.0237,18.9232,0.1005,18.8816,2.6849,2.5581,0.1268,26.6680,12.5135,-9.8200,8055.5444,NA,NA,NA
cs2.exe,35024,0xF9F78E0260,DXGI,0,0,0,Composed: Flip,8074.5681,12.7076,12.6127,0.0949,12.4111,2.7722,2.5158,0.2564,20.1578,8.2870,6.5102,8074.5681,NA,17.3817,NA
cs2.exe,35024,0xF9F78E0260,DXGI,0,0,0,Composed: Flip,8087.2757,8.7091,8.6048,0.1043,8.4872,3.2206,2.7097,0.5109,15.7372,8.3411,4.4206,8087.2757,NA,11.6713,NA
cs2.exe,35024,0xF9F78E0260,DXGI,0,0,0,Composed: Flip,8095.9848,3.0962,2.7809,0.3153,2.9987,2.8908,2.8908,0.0000,15.3692,4.1874,0.3680,8095.9848,NA,16.0120,NA
cs2.exe,35024,0xF9F78E0260,DXGI,0,0,0,Composed: Flip,8099.0810,2.9303,1.9762,0.9541,2.7933,2.8378,2.8378,0.0000,NA,NA,NA,NA,NA,NA,NA
cs2.exe,35024,0xF9F78E0260,DXGI,0,0,0,Composed: Flip,8102.0113,2.8029,0.9876,1.8153,2.7008,2.4756,2.4756,0.0000,13.5301,4.1403,1.8391,8102.0113,NA,13.1947,NA
cs2.exe,35024,0xF9F78E0260,DXGI,0,0,0,Composed: Flip,8104.8142,2.5381,1.1376,1.4005,2.3735,2.7667,2.7667,0.0000,14.8675,4.1891,-1.3374,8104.8142,NA,NA,NA
cs2.exe,35024,0xF9F78E0260,DXGI,0,0,0,Composed: Flip,8107.3523,2.7245,1.1549,1.5696,2.6021,2.5319,2.5319,0.0000,16.5185,4.1795,-1.6510,8107.3523,NA,16.5210,NA
cs2.exe,35024,0xF9F78E0260,DXGI,0,0,0,Composed: Flip,8110.0768,2.5366,2.3562,0.1804,2.4095,3.4562,2.5613,0.8949,NA,NA,NA,NA,NA,NA,NA
cs2.exe,35024,0xF9F78E0260,DXGI,0,0,0,Composed: Flip,8112.6134,3.4648,2.9098,0.5550,3.3291,2.7927,2.7876,0.0051,15.4369,4.1673,1.0816,8112.6134,NA,16.7054,NA
cs2.exe,35024,0xF9F78E0260,DXGI,0,0,0,Composed: Flip,8116.0782,3.1320,3.0576,0.0744,2.9611,3.0558,2.9139,0.1419,16.1394,4.1442,-0.7025,8116.0782,NA,16.8670,NA
cs2.exe,35024,0xF9F78E0260,DXGI,0,0,0,Composed: Flip,8119.2102,3.2930,3.2187,0.0743,3.0730,3.4188,3.2353,0.1835,17.1516,4.1635,-1.0122,8119.2102,NA,14.0186,NA
cs2.exe,35024,0xF9F78E0260,DXGI,0,0,0,Composed: Flip,8122.5032,4.3467,4.2474,0.0993,3.9449,3.3062,2.8880,0.4182,NA,NA,NA,NA,NA,NA,NA
cs2.exe,35024,0xF9F78E0260,DXGI,0,0,0,Composed: Flip,8126.8499,3.0089,2.3548,0.6541,2.9044,2.5590,2.5560,0.0030,13.6754,4.3155,3.4762,8126.8499,NA,13.1819,NA
cs2.exe,35024,0xF9F78E0260,DXGI,0,0,0,Composed: Flip,8129.8588,2.5946,2.2156,0.3790,2.5613,3.4521,2.9770,0.4751,14.9820,4.0283,-1.3066,8129.8588,NA,14.4993,NA
cs2.exe,35024,0xF9F78E0260,DXGI,0,0,0,Composed: Flip,8132.4534,3.5232,2.4534,1.0698,3.4188,2.8612,2.8612,0.0000,16.4157,4.1605,-1.4337,8132.4534,NA,15.5373,NA
cs2.exe,35024,0xF9F78E0260,DXGI,0,0,0,Composed: Flip,8135.9766,2.8535,1.1357,1.7178,2.7568,2.3442,2.3442,0.0000,NA,NA,NA,NA,NA,NA,NA
cs2.exe,35024,0xF9F78E0260,DXGI,0,0,0,Composed: Flip,8138.8301,2.3563,0.8241,1.5322,2.2475,2.9373,2.9373,0.0000,14.1995,4.2238,2.2162,8138.8301,NA,14.6900,NA
cs2.exe,35024,0xF9F78E0260,DXGI,0,0,0,Composed: Flip,8141.1864,2.9221,1.5739,1.3482,2.8285,2.4160,2.4160,0.0000,16.0670,4.1227,-1.8675,8141.1864,NA,15.9128,NA
cs2.exe,35024,0xF9F78E0260,DXGI,0,0,0,Composed: Flip,8144.1085,2.4400,1.4851,0.9549,2.3224,2.7457,2.7457,0.0000,NA,NA,NA,NA,NA,NA,NA
cs2.exe,35024,0xF9F78E0260,DXGI,0,0,0,Composed: Flip,8146.5485,2.7533,0.8967,1.8566,2.6281,2.7613,2.7613,0.0000,14.8276,4.1685,1.2394,8146.5485,NA,15.0443,NA
cs2.exe,35024,0xF9F78E0260,DXGI,0,0,0,Composed: Flip,8149.3018,2.7444,0.9374,1.8070,2.6361,2.5066,2.5066,0.0000,NA,NA,NA,NA,NA,NA,NA
cs2.exe,35024,0xF9F78E0260,DXGI,0,0,0,Composed: Flip,8152.0462,2.5060,1.1535,1.3525,2.3983,2.9459,2.9459,0.0000,13.4984,4.1839,1.3292,8152.0462,NA,17.2047,NA
cs2.exe,35024,0xF9F78E0260,DXGI,0,0,0,Composed: Flip,8154.5522,2.9867,1.7935,1.1932,2.8382,3.1552,3.1552,0.0000,15.1763,4.1609,-1.6779,8154.5522,NA,15.3850,NA
cs2.exe,35024,0xF9F78E0260,DXGI,0,0,0,Composed: Flip,8157.5389,3.1254,1.6975,1.4279,3.0067,2.7474,2.7474,0.0000,16.3505,4.1565,-1.1742,8157.5389,NA,15.5346,NA
cs2.exe,35024,0xF9F78E0260,DXGI,0,0,0,Composed: Flip,8160.6643,2.7362,1.2872,1.4490,2.6287,2.5261,2.5261,0.0000,NA,NA,NA,NA,NA,NA,NA
cs2.exe,35024,0xF9F78E0260,DXGI,0,0,0,Composed: Flip,8163.4005,2.5167,1.1504,1.3663,2.4186,2.8692,2.8692,0.0000,14.6454,4.1561,1.7051,8163.4005,NA,NA,NA
cs2.exe,35024,0xF9F78E0260,DXGI,0,0,0,Composed: Flip,8165.9172,2.8709,1.0888,1.7821,2.7711,2.8335,2.8335,0.0000,16.2848,4.1956,-1.6394,8165.9172,NA,17.8563,NA
cs2.exe,35024,0xF9F78E0260,DXGI,0,0,0,Composed: Flip,8168.7881,2.8641,1.0032,1.8609,2.7337,2.6177,2.6177,0.0000,NA,NA,NA,NA,NA,NA,NA
cs2.exe,35024,0xF9F78E0260,DXGI,0,0,0,Composed: Flip,8171.6522,2.6406,1.8993,0.7413,2.4873,3.0023,3.0023,0.0000,14.7454,4.1450,1.5394,8171.6522,NA,NA,NA
cs2.exe,35024,0xF9F78E0260,DXGI,0,0,0,Composed: Flip,8174.2928,2.9828,2.0197,0.9631,2.8490,3.0090,3.0090,0.0000,16.2498,4.1836,-1.5044,8174.2928,NA,NA,NA
cs2.exe,35024,0xF9F78E0260,DXGI,0,0,0,Composed: Flip,8177.2756,3.0174,1.4125,1.6049,2.8752,2.4596,2.4596,0.0000,NA,NA,NA,NA,NA,NA,NA
cs2.exe,35024,0xF9F78E0260,DXGI,0,0,0,Composed: Flip,8180.2930,2.4204,1.8272,0.5932,2.3174,2.9220,2.9220,0.0000,14.4332,4.1549,1.8166,8180.2930,NA,17.3703,NA
cs2.exe,35024,0xF9F78E0260,DXGI,0,0,0,Composed: Flip,8182.7134,3.2801,3.1911,0.0890,2.8190,3.1039,2.9276,0.1763,16.1677,4.2314,-1.7345,8182.7134,NA,14.5465,NA
cs2.exe,35024,0xF9F78E0260,DXGI,0,0,0,Composed: Flip,8185.9935,5.2940,5.1808,0.1132,4.3040,3.9647,3.3870,0.5777,17.1190,4.1191,-0.9513,8185.9935,NA,12.7746,NA
cs2.exe,35024,0xF9F78E0260,DXGI,0,0,0,Composed: Flip,8191.2875,4.3663,4.2489,0.1174,3.5503,3.6384,2.7209,0.9175,15.9441,4.1796,1.1749,8191.2875,NA,12.8923,NA
cs2.exe,35024,0xF9F78E0260,DXGI,0,0,0,Composed: Flip,8195.6538,4.8415,4.7241,0.1174,3.8984,4.1701,2.9869,1.1832,15.7574,4.1552,0.1867,8195.6538,NA,12.0654,NA
cs2.exe,35024,0xF9F78E0260,DXGI,0,0,0,Composed: Flip,8200.4953,5.4479,5.3280,0.1199,4.6588,3.3859,2.6888,0.6971,15.0711,4.1598,0.6863,8200.4953,NA,11.2331,NA
cs2.exe,35024,0xF9F78E0260,DXGI,0,0,0,Composed: Flip,8205.9432,3.5014,3.3982,0.1032,2.8523,3.9975,3.4257,0.5718,13.7830,8.3332,1.2881,8205.9432,NA,NA,NA
cs2.exe,35024,0xF9F78E0260,DXGI,0,0,0,Composed: Flip,8209.4446,5.8810,5.6835,0.1975,4.9943,4.0511,3.2925,0.7586,18.6148,4.1994,-4.8318,8209.4446,NA,13.7242,NA
cs2.exe,35024,0xF9F78E0260,DXGI,0,0,0,Composed: Flip,8215.3256,7.8848,7.6484,0.2364,7.7615,3.4422,3.4341,0.0081,16.9332,4.1402,1.6816,8215.3256,NA,9.9130,NA
cs2.exe,35024,0xF9F78E0260,DXGI,0,0,0,Composed: Flip,8223.2104,7.4287,7.2682,0.1605,6.2682,3.9678,2.8521,1.1157,13.1886,8.3330,3.7446,8223.2104,NA,7.0470,NA
cs2.exe,35024,0xF9F78E0260,DXGI,0,0,0,Composed: Flip,8230.6391,4.5192,4.3809,0.1383,3.4222,3.9702,3.0674,0.9028,14.0929,4.1617,-0.9043,8230.6391,NA,10.3819,NA
cs2.exe,35024,0xF9F78E0260,DXGI,0,0,0,Composed: Flip,8235.1583,6.6745,6.5259,0.1486,5.7805,3.6550,2.7577,0.8973,13.7354,8.3585,0.3575,8235.1583,NA,8.5588,NA
cs2.exe,35024,0xF9F78E0260,DXGI,0,0,0,Composed: Flip,8241.8328,4.3162,4.1734,0.1428,3.1845,4.1602,3.2428,0.9174,15.4194,4.1584,-1.6840,8241.8328,NA,11.9068,NA
cs2.exe,35024,0xF9F78E0260,DXGI,0,0,0,Composed: Flip,8246.1490,4.7764,4.6394,0.1370,3.7190,3.6709,2.7625,0.9084,15.2616,4.1836,0.1578,8246.1490,NA,12.0629,NA
cs2.exe,35024,0xF9F78E0260,DXGI,0,0,0,Composed: Flip,8250.9254,6.9488,6.6945,0.2543,5.5097,4.2159,3.3287,0.8872,14.6688,8.3140,0.5928,8250.9254,NA,9.2649,NA
cs2.exe,35024,0xF9F78E0260,DXGI,0,0,0,Composed: Flip,8257.8742,4.7616,4.5794,0.1822,3.5946,4.3107,3.3694,0.9413,16.0340,4.1715,-1.3652,8257.8742,NA,12.5645,NA
cs2.exe,35024,0xF9F78E0260,DXGI,0,0,0,Composed: Flip,8262.6358,6.5567,6.4126,0.1441,5.6471,3.6503,2.7622,0.8881,15.4439,8.3242,0.5901,8262.6358,NA,10.7366,NA
cs2.exe,35024,0xF9F78E0260,DXGI,0,0,0,Composed: Flip,8269.1925,3.9340,3.7563,0.1777,2.8792,3.5254,2.8342,0.6912,17.2114,4.1883,-1.7675,8269.1925,NA,16.0575,NA
cs2.exe,35024,0xF9F78E0260,DXGI,0,0,0,Composed: Flip,8273.1265,4.0309,3.9126,0.1183,3.1363,3.7922,3.2380,0.5542,17.4657,4.1552,-0.2543,8273.1265,NA,15.2450,NA
cs2.exe,35024,0xF9F78E0260,DXGI,0,0,0,Composed: Flip,8277.1574,4.5437,4.4190,0.1247,3.5545,3.9329,3.1276,0.8053,17.5900,4.1597,-0.1243,8277.1574,NA,NA,NA
cs2.exe,35024,0xF9F78E0260,DXGI,0,0,0,Composed: Flip,8281.7011,6.1737,6.0336,0.1401,5.1951,3.8688,2.8179,1.0509,17.2060,4.1654,0.3840,8281.7011,NA,12.5543,NA
cs2.exe,35024,0xF9F78E0260,DXGI,0,0,0,Composed: Flip,8287.8748,5.4067,5.2742,0.1325,4.5079,3.7121,2.7699,0.9422,15.1977,4.1744,2.0083,8287.8748,NA,11.7312,NA
cs2.exe,35024,0xF9F78E0260,DXGI,0,0,0,Composed: Flip,8293.2815,5.0850,4.9337,0.1513,3.9313,3.7848,2.7934,0.9914,13.9654,4.1675,1.2323,8293.2815,NA,11.8851,NA
cs2.exe,35024,0xF9F78E0260,DXGI,0,0,0,Composed: Flip,8298.3665,6.6178,6.4631,0.1547,5.3844,3.4098,2.8181,0.5917,13.0479,8.3253,0.9175,8298.3665,NA,8.0648,NA
cs2.exe,35024,0xF9F78E0260,DXGI,0,0,0,Composed: Flip,8304.9843,4.7939,4.6502,0.1437,3.5618,3.7485,2.8267,0.9218,14.7554,4.1826,-1.7075,8304.9843,NA,11.4057,NA
cs2.exe,35024,0xF9F78E0260,DXGI,0,0,0,Composed: Flip,8309.7782,6.5282,6.3951,0.1331,5.4665,3.4827,2.7195,0.7632,14.1441,4.1592,0.6113,8309.7782,NA,8.5817,NA
cs2.exe,35024,0xF9F78E0260,DXGI,0,0,0,Composed: Flip,8316.3064,4.0350,3.9196,0.1154,3.4052,3.4472,2.7419,0.7053,11.7751,4.1646,2.3690,8316.3064,NA,8.7293,NA
cs2.exe,35024,0xF9F78E0260,DXGI,0,0,0,Composed: Flip,8320.3414,4.0864,3.8383,0.2481,2.8174,3.8470,3.2562,0.5908,11.9047,4.1804,-0.1296,8320.3414,NA,11.8797,NA
cs2.exe,35024,0xF9F78E0260,DXGI,0,0,0,Composed: Flip,8324.4278,2.7782,2.6820,0.0962,2.5780,2.8785,2.8727,0.0058,11.9987,4.1557,-0.0940,8324.4278,NA,10.0813,10.0813
cs2.exe,35024,0xF9F78E0260,DXGI,0,0,0,Composed: Flip,8327.2060,6.4387,6.3138,0.1249,5.7683,3.1530,2.6141,0.5389,13.3762,4.1865,-1.3775,8327.2060,NA,9.2327,NA
cs2.exe,35024,0xF9F78E0260,DXGI,0,0,0,Composed: Flip,8333.6447,4.4618,4.3238,0.1380,3.2953,3.6756,2.8484,0.8272,11.1240,8.3121,2.2522,8333.6447,NA,NA,NA
cs2.exe,35024,0xF9F78E0260,DXGI,0,0,0,Composed: Flip,8338.1065,3.6952,3.5834,0.1118,2.8205,3.9948,3.2279,0.7669,14.9743,4.1750,-3.8503,8338.1065,NA,NA,NA
cs2.exe,35024,0xF9F78E0260,DXGI,0,0,0,Composed: Flip,8341.8017,5.1056,4.9849,0.1207,4.4167,3.1334,2.6244,0.5090,15.4541,4.1666,-0.4798,8341.8017,NA,NA,NA
cs2.exe,35024,0xF9F78E0260,DXGI,0,0,0,Composed: Flip,8346.9073,2.9032,2.8048,0.0984,2.4445,3.4033,2.8413,0.5620,14.5151,4.2306,0.9390,8346.9073,NA,NA,NA
cs2.exe,35024,0xF9F78E0260,DXGI,0,0,0,Composed: Flip,8349.8105,3.1255,2.9951,0.1304,2.9446,2.7921,2.7921,0.0000,15.8425,4.0993,-1.3274,8349.8105,NA,NA,NA
cs2.exe,35024,0xF9F78E0260,DXGI,0,0,0,Composed: Flip,8352.9360,2.7517,2.0606,0.6911,2.6112,3.1799,3.1799,0.0000,NA,NA,NA,NA,NA,NA,NA
cs2.exe,35024,0xF9F78E0260,DXGI,0,0,0,Composed: Flip,8355.6877,3.2044,2.0287,1.1757,3.0394,2.8443,2.8316,0.0127,14.0646,4.1800,1.7779,8355.6877,NA,NA,NA
cs2.exe,35024,0xF9F78E0260,DXGI,0,0,0,Composed: Flip,8358.8921,4.0758,3.9743,0.1015,3.5109,3.2326,2.8079,0.4247,15.0402,4.1725,-0.9756,8358.8921,NA,NA,NA
cs2.exe,35024,0xF9F78E0260,DXGI,0,0,0,Composed: Flip,8362.9679,3.6090,3.4575,0.1515,2.8246,3.5849,2.9986,0.5863,15.1369,4.1859,-0.0967,8362.9679,NA,NA,NA
cs2.exe,35024,0xF9F78E0260,DXGI,0,0,0,Composed: Flip,8366.5769,3.0910,2.9771,0.1139,2.8005,3.2697,2.9059,0.3638,15.7138,4.1408,-0.5769,8366.5769,NA,NA,NA
cs2.exe,35024,0xF9F78E0260,DXGI,0,0,0,Composed: Flip,8369.6679,3.1332,2.8434,0.2898,2.9792,2.5938,2.5897,0.0041,16.7636,4.1678,-1.0498,8369.6679,NA,NA,NA
cs2.exe,35024,0xF9F78E0260,DXGI,0,0,0,Composed: Flip,8372.8011,3.5538,3.4496,0.1042,3.0135,3.9877,3.1102,0.8775,NA,NA,NA,NA,NA,NA,NA
cs2.exe,35024,0xF9F78E0260,DXGI,0,0,0,Composed: Flip,8376.3549,3.5649,3.1633,0.4016,3.4474,2.6371,2.6324,0.0047,14.2444,4.1623,2.5192,8376.3549,NA,NA,NA
cs2.exe,35024,0xF9F78E0260,DXGI,0,0,0,Composed: Flip,8379.9198,2.6901,2.4357,0.2544,2.5448,3.0583,3.0458,0.0125,14.8418,4.1788,-0.5974,8379.9198,NA,NA,NA
cs2.exe,35024,0xF9F78E0260,DXGI,0,0,0,Composed: Flip,8382.6099,3.0380,2.9289,0.1091,2.9130,2.8925,2.8659,0.0266,16.3305,4.1650,-1.4887,8382.6099,NA,NA,NA
cs2.exe,35024,0xF9F78E0260,DXGI,0,0,0,Composed: Flip,8385.6479,3.2447,3.1526,0.0921,2.7675,2.4593,2.4250,0.0343,17.4575,4.1604,-1.1270,8385.6479,NA,NA,NA
cs2.exe,35024,0xF9F78E0260,DXGI,0,0,0,Composed: Flip,8388.8926,3.7787,3.6622,0.1165,3.1387,2.9821,2.6095,0.3726,18.3732,12.5131,-0.9157,8388.8926,NA,15.9278,16.9201
cs2.exe,35024,0xF9F78E0260,DXGI,0,0,0,Composed: Flip,8392.6713,17.6013,17.3605,0.2408,16.0165,6.0035,4.0937,1.9098,27.1076,20.8183,-8.7344,8392.6713,NA,12.4308,NA
cs2.exe,35024,0xF9F78E0260,DXGI,0,0,0,Composed: Flip,8410.2726,21.7540,21.6129,0.1411,19.0307,5.9723,4.4276,1.5447,30.3246,16.6848,-3.2170,8410.2726,NA,NA,NA
cs2.exe,35024,0xF9F78E0260,DXGI,0,0,0,Composed: Flip,8432.0266,16.4689,16.2125,0.2564,3.2490,16.8131,4.6940,12.1191,25.2554,8.4715,5.0692,8432.0266,NA,10.9303,NA
cs2.exe,35024,0xF9F78E0260,DXGI,0,0,0,Composed: Flip,8448.4955,6.4432,6.3197,0.1235,3.5932,6.6408,4.8202,1.8206,17.2580,8.2486,7.9974,8448.4955,NA,11.4268,NA
cs2.exe,35024,0xF9F78E0260,DXGI,0,0,0,Composed: Flip,8454.9387,10.5961,10.4280,0.1681,8.6041,4.6945,3.9394,0.7551,19.0634,8.2892,-1.8054,8454.9387,NA,10.6538,NA
cs2.exe,35024,0xF9F78E0260,DXGI,0,0,0,Composed: Flip,8465.5348,8.2828,8.1699,0.1129,2.7171,9.9241,4.9401,4.9840,16.7565,8.3319,2.3069,8465.5348,NA,9.9555,NA
cs2.exe,35024,0xF9F78E0260,DXGI,0,0,0,Composed: Flip,8473.8176,9.3725,9.1548,0.2177,6.0415,5.4311,4.0763,1.3548,16.8056,8.3253,-0.0491,8473.8176,NA,9.2863,NA
cs2.exe,35024,0xF9F78E0260,DXGI,0,0,0,Composed: Flip,8483.1901,7.7167,7.5615,0.1552,6.1192,4.6258,4.1380,0.4878,15.7584,8.3174,1.0472,8483.1901,NA,9.5974,NA
cs2.exe,35024,0xF9F78E0260,DXGI,0,0,0,Composed: Flip,8490.9068,5.6162,5.4760,0.1402,4.4053,4.1921,3.9749,0.2172,16.3591,4.2208,-0.6007,8490.9068,NA,11.9368,NA
cs2.exe,35024,0xF9F78E0260,DXGI,0,0,0,Composed: Flip,8496.5230,6.2392,6.1426,0.0966,4.4940,4.2043,3.6109,0.5934,14.9637,4.1405,1.3954,8496.5230,NA,10.1542,NA
cs2.exe,35024,0xF9F78E0260,DXGI,0,0,0,Composed: Flip,8502.7622,6.2309,6.1287,0.1022,4.6066,4.2437,3.6931,0.5506,12.8650,8.3432,2.0987,8502.7622,NA,7.2815,NA
cs2.exe,35024,0xF9F78E0260,DXGI,0,0,0,Composed: Flip,8508.9931,7.5709,7.4133,0.1576,5.3232,4.5489,3.7622,0.7867,14.9773,8.3376,-2.1123,8508.9931,NA,9.6351,NA
cs2.exe,35024,0xF9F78E0260,DXGI,0,0,0,Composed: Flip,8516.5640,7.6706,7.4982,0.1724,6.1990,4.9455,4.0594,0.8861,15.7440,4.1444,-0.7667,8516.5640,NA,8.9664,NA
cs2.exe,35024,0xF9F78E0260,DXGI,0,0,0,Composed: Flip,8524.2346,5.5825,5.4722,0.1103,3.9016,4.4473,3.8421,0.6052,12.2178,8.3297,3.5262,8524.2346,NA,8.1099,NA
cs2.exe,35024,0xF9F78E0260,DXGI,0,0,0,Composed: Flip,8529.8171,6.2371,6.1192,0.1179,4.7925,4.1772,3.5856,0.5916,14.9650,4.1865,-2.7472,8529.8171,NA,10.4474,NA
cs2.exe,35024,0xF9F78E0260,DXGI,0,0,0,Composed: Flip,8536.0542,4.2885,4.1763,0.1122,2.9261,4.4664,3.9755,0.4909,12.9144,4.1452,2.0506,8536.0542,NA,9.6328,NA
cs2.exe,35024,0xF9F78E0260,DXGI,0,0,0,Composed: Flip,8540.3427,4.2607,4.1516,0.1091,3.1040,4.0083,3.8407,0.1676,12.7711,4.1677,0.1433,8540.3427,NA,10.7699,NA
cs2.exe,35024,0xF9F78E0260,DXGI,0,0,0,Composed: Flip,8544.6034,5.5514,5.4284,0.1230,4.1164,4.3227,3.9379,0.3848,12.6781,8.3731,0.0930,8544.6034,NA,9.9420,NA
cs2.exe,35024,0xF9F78E0260,DXGI,0,0,0,Composed: Flip,8550.1548,4.4917,4.3992,0.0925,2.9667,4.4775,4.1856,0.2919,15.4998,4.1281,-2.8217,8550.1548,NA,13.3123,13.3123
cs2.exe,35024,0xF9F78E0260,DXGI,0,0,0,Composed: Flip,8554.6465,4.8984,4.7755,0.1229,3.0570,4.5968,4.1514,0.4454,15.1362,4.1829,0.3636,8554.6465,NA,NA,NA
cs2.exe,35024,0xF9F78E0260,DXGI,0,0,0,Composed: Flip,8559.5449,5.0820,4.9692,0.1128,3.7279,3.9399,3.7326,0.2073,14.4207,8.3153,0.7155,8559.5449,NA,NA,NA
cs2.exe,35024,0xF9F78E0260,DXGI,0,0,0,Composed: Flip,8564.6269,5.9094,5.7997,0.1097,4.4595,5.1087,4.4307,0.6780,17.6540,4.1959,-3.2333,8564.6269,NA,NA,NA
cs2.exe,35024,0xF9F78E0260,DXGI,0,0,0,Composed: Flip,8570.5363,4.7066,4.6232,0.0834,3.6588,3.8989,3.8989,0.0000,15.9405,4.1507,1.7135,8570.5363,NA,NA,NA
cs2.exe,35024,0xF9F78E0260,DXGI,0,0,0,Composed: Flip,8575.2429,3.3444,3.2591,0.0853,2.8511,3.8142,3.8106,0.0036,15.3846,4.1626,0.5559,8575.2429,NA,NA,NA
cs2.exe,35024,0xF9F78E0260,DXGI,0,0,0,Composed: Flip,8578.5873,5.2915,5.2094,0.0821,4.1364,4.2035,4.0687,0.1348,16.2028,4.1907,-0.8182,8578.5873,NA,NA,NA
cs2.exe,35024,0xF9F78E0260,DXGI,0,0,0,Composed: Flip,8583.8788,3.5316,3.4528,0.0788,3.0484,3.8194,3.8194,0.0000,15.1020,4.1351,1.1008,8583.8788,NA,NA,NA
cs2.exe,35024,0xF9F78E0260,DXGI,0,0,0,Composed: Flip,8587.4104,3.7612,3.6576,0.1036,3.3362,4.3808,4.3808,0.0000,NA,NA,NA,NA,NA,NA,NA
cs2.exe,35024,0xF9F78E0260,DXGI,0,0,0,Composed: Flip,8591.1716,5.0125,4.9212,0.0913,3.9558,3.8354,3.7048,0.1306,11.9443,8.3401,3.1577,8591.1716,NA,NA,NA
cs2.exe,35024,0xF9F78E0260,DXGI,0,0,0,Composed: Flip,8596.1841,3.3555,3.2787,0.0768,2.7787,3.9208,3.9208,0.0000,15.2719,4.2527,-3.3276,8596.1841,NA,NA,NA
cs2.exe,35024,0xF9F78E0260,DXGI,0,0,0,Composed: Flip,8599.5396,4.5923,4.4569,0.1354,3.3440,4.0142,4.0142,0.0000,16.1691,4.0866,-0.8972,8599.5396,NA,NA,NA
cs2.exe,35024,0xF9F78E0260,DXGI,0,0,0,Composed: Flip,8604.1319,4.0314,3.9331,0.0983,2.7659,4.3515,3.9503,0.4012,15.6634,4.1699,0.5057,8604.1319,NA,NA,NA
cs2.exe,35024,0xF9F78E0260,DXGI,0,0,0,Composed: Flip,8608.1633,5.4651,5.3850,0.0801,4.0965,4.6092,3.8685,0.7407,15.8019,4.2004,-0.1385,8608.1633,NA,NA,NA
cs2.exe,35024,0xF9F78E0260,DXGI,0,0,0,Composed: Flip,8613.6284,3.8273,3.7373,0.0900,3.2406,3.8719,3.8719,0.0000,14.5372,4.1345,1.2647,8613.6284,NA,NA,NA
cs2.exe,35024,0xF9F78E0260,DXGI,0,0,0,Composed: Flip,8617.4557,4.5625,4.4350,0.1275,3.2852,4.6177,4.6177,0.0000,14.8444,8.3410,-0.3072,8617.4557,NA,NA,NA
cs2.exe,35024,0xF9F78E0260,DXGI,0,0,0,Composed: Flip,8622.0182,4.0331,3.9495,0.0836,3.3404,3.4739,3.4706,0.0033,18.6229,4.1584,-3.7785,8622.0182,NA,18.2554,18.2554
cs2.exe,35024,0xF9F78E0260,DXGI,0,0,0,Composed: Flip,8626.0513,5.3672,5.2737,0.0935,4.1678,4.4923,4.0231,0.4692,18.7482,4.1544,-0.1253,8626.0513,NA,NA,NA
cs2.exe,35024,0xF9F78E0260,DXGI,0,0,0,Composed: Flip,8631.4185,3.6239,3.5509,0.0730,3.2929,4.0135,4.0135,0.0000,17.5354,4.1847,1.2128,8631.4185,NA,NA,NA
cs2.exe,35024,0xF9F78E0260,DXGI,0,0,0,Composed: Flip,8635.0424,4.1431,4.0435,0.0996,3.6825,3.7841,3.7841,0.0000,18.0962,4.1731,-0.5608,8635.0424,NA,NA,NA
cs2.exe,35024,0xF9F78E0260,DXGI,0,0,0,Composed: Flip,8639.1855,4.2218,4.1443,0.0775,3.3235,4.1615,3.8714,0.2901,18.1262,4.1640,-0.0300,8639.1855,NA,NA,NA
cs2.exe,35024,0xF9F78E0260,DXGI,0,0,0,Composed: Flip,8643.4073,3.6282,3.5529,0.0753,3.2632,3.4855,3.4855,0.0000,18.0684,4.1724,0.0578,8643.4073,NA,NA,NA
cs2.exe,35024,0xF9F78E0260,DXGI,0,0,0,Composed: Flip,8647.0355,4.0613,3.9654,0.0959,3.1205,4.1579,4.1579,0.0000,18.6126,4.2282,-0.5442,8647.0355,NA,NA,NA
cs2.exe,35024,0xF9F78E0260,DXGI,0,0,0,Composed: Flip,8651.0968,3.3166,2.3016,1.0150,3.2171,3.3482,3.3416,0.0066,18.7795,4.1277,-0.1669,8651.0968,NA,NA,NA
cs2.exe,35024,0xF9F78E0260,DXGI,0,0,0,Composed: Flip,8654.4134,4.4320,4.3464,0.0856,3.4721,4.1498,4.1498,0.0000,NA,NA,NA,NA,NA,NA,NA
cs2.exe,35024,0xF9F78E0260,DXGI,0,0,0,Composed: Flip,8658.8454,3.3450,2.8806,0.4644,3.1899,3.5959,3.5959,0.0000,15.1586,4.1259,3.6209,8658.8454,NA,NA,NA
cs2.exe,35024,0xF9F78E0260,DXGI,0,0,0,Composed: Flip,8662.1904,3.6888,2.7395,0.9493,3.4408,3.7948,3.7948,0.0000,15.9395,4.1819,-0.7809,8662.1904,NA,NA,NA
cs2.exe,35024,0xF9F78E0260,DXGI,0,0,0,Composed: Flip,8665.8792,3.6549,2.5644,1.0905,3.5468,3.7418,3.7418,0.0000,16.4326,4.1504,-0.4931,8665.8792,NA,NA,NA
cs2.exe,35024,0xF9F78E0260,DXGI,0,0,0,Composed: Flip,8669.5341,3.8060,1.6419,2.1641,3.6337,3.4948,3.4948,0.0000,16.9281,4.1762,-0.4955,8669.5341,NA,NA,NA
cs2.exe,35024,0xF9F78E0260,DXGI,0,0,0,Composed: Flip,8673.3401,3.4192,2.7450,0.6742,3.3225,3.9445,3.9445,0.0000,17.2983,4.1550,-0.3702,8673.3401,NA,NA,NA
cs2.exe,35024,0xF9F78E0260,DXGI,0,0,0,Composed: Flip,8676.7593,3.9408,2.3519,1.5889,3.8478,3.1733,3.1733,0.0000,18.0341,4.1794,-0.7358,8676.7593,NA,NA,NA
cs2.exe,35024,0xF9F78E0260,DXGI,0,0,0,Composed: Flip,8680.7001,3.1669,1.2820,1.8849,3.0803,3.5498,3.5498,0.0000,18.2727,4.1654,-0.2386,8680.7001,NA,20.6241,NA
cs2.exe,35024,0xF9F78E0260,DXGI,0,0,0,Composed: Flip,8683.8670,3.5980,1.6340,1.9640,3.4632,3.6781,3.6781,0.0000,19.2712,4.1689,-0.9985,8683.8670,NA,NA,NA
cs2.exe,35024,0xF9F78E0260,DXGI,0,0,0,Composed: Flip,8687.4650,3.6507,1.6305,2.0202,3.5433,3.9201,3.9201,0.0000,NA,NA,NA,NA,NA,NA,NA
cs2.exe,35024,0xF9F78E0260,DXGI,0,0,0,Composed: Flip,8691.1157,3.9249,1.8744,2.0505,3.8127,3.5005,3.5005,0.0000,16.1914,4.1748,3.0798,8691.1157,NA,NA,NA
cs2.exe,35024,0xF9F78E0260,DXGI,0,0,0,Composed: Flip,8695.0406,3.4804,1.5131,1.9673,3.3883,3.7233,3.7233,0.0000,16.4413,4.1550,-